Removed_Key,Removed_Title,Removed_Year,Removed_Author,Kept_Key,Kept_Title,Match_Basis
NVULKGXY,Board gender diversity and corporate social responsibility assurance: The moderating effect of ownership concentration,2021.0,"Buertey, S",FZYWBK9Y,Board gender diversity and corporate social responsibility assurance: The moderating effect of ownership concentration,DOI
74ZDJ3DE,"Gender diversity, corporate governance and financial risk disclosure in the UK",2020.0,"Bufarwa, IM; Elamer, AA; Ntim, CG; ...",PHWW8TKQ,"Gender diversity, corporate governance and financial risk disclosure in the UK",Title+Year+Author
Q4CUE6A6,Board gender diversity and voluntary disclosure: moderation of family ownership in India,2024.0,"Saha, R.; Maji, S.G.",CDI7LV8R,Board gender diversity and voluntary disclosure: moderation of family ownership in India.,Title+Year+Author
5P77BQUI,Securities litigation risk and board gender diversity,2021.0,"Joo, M.H.; Lawrence, E.; Parhizgari, A.",LRBK96Q7,Securities litigation risk and board gender diversity.,Title+Year+Author
MZSLF93V,"Board generational cohorts, gender diversity and corporate environmental and social disclosures: Evidence from China",2023.0,"Muniandy, B.; Jahangir Ali, M.; Huang, H.; Obeng, V.A.",5BRPQKGJ,"Board generational cohorts, gender diversity and corporate environmental and social disclosures: Evidence from China.",Title+Year+Author
PPN5MAIJ,"Gender quotas, board diversity and spillover effects. Evidence from Italian banks",2024.0,"Del Prete, S.; Papini, G.; Tonello, M.",Q3XS3A5L,"Gender quotas, board diversity and spillover effects. Evidence from Italian banks.",Title+Year+Author
4KKKVB6D,The moderating role of board gender diversity on the relationship between firm opacity and stock returns,2023.0,"Harakeh, M.; Leventis, S.; El Masri, T.; Tsileponis, N.",D4TTK2YS,The moderating role of board gender diversity on the relationship between firm opacity and stock returns.,Title+Year+Author
758Y6CJ3,Gendered language and board diversity: Evidence from European banks,2024.0,"Piserà, S.",KE8HX8YD,Gendered language and board diversity: Evidence from European banks.,Title+Year+Author
KREWWCME,"Making honest men of them: Institutional investors, financial reporting, and the appointment of female directors to all-male boards",2023.0,"Lai, K.M.Y.; Khedmati, M.; Gul, F.A.; Mount, M.P.",MH2HRZ2U,"Making honest men of them: Institutional investors, financial reporting, and the appointment of female directors to all-male boards.",Title+Year+Author
IEE87QL9,Board Gender Diversity and Intellectual Capital Performance of Firms in India.,2022.0,"Kamath, Bharathi",SSY5945J,Board Gender Diversity and Intellectual Capital Performance of Firms in India,Title+Year+Author
KCWKQRKW,"Board gender diversity, government subsidies, and green vehicles sales: Evidence from China",2023.0,"Singh, V.; Sui, S.; Guo, X.",7AP7TTXG,"Board gender diversity, government subsidies, and green vehicles sales: Evidence from China.",Title+Year+Author
UKR49FXD,Institutional isomorphic pressures: the impact for women on boards,2024.0,"Ingersoll, A.R.; Glass, C.; Cook, A.",XDHKUDLM,Institutional isomorphic pressures: the impact for women on boards.,Title+Year+Author
HPN6TEXB,The impact of board diversity on strategic change: a stakeholder perspective,2020.0,"Padilla-Angulo, L.",U4RER2C5,The impact of board diversity on strategic change: a stakeholder perspective.,Title+Year+Author
5UX4M3AK,Board gender diversity and firm performance: evidence from Latin America,2022.0,"Marquez-Cardenas, V; Gonzalez-Ruiz, JD; ...",2FYAVPAS,Board gender diversity and firm performance: evidence from Latin America,DOI
4CB44VFJ,Board gender diversity and the cost of equity: What difference does gender quota legislation make?,2024.0,"Sarang, A.A.A.; Aubert, N.; Hollandts, X.",7FD9FSM9,Board gender diversity and the cost of equity: What difference does gender quota legislation make?,Title+Year+Author
PGJ9D5D8,"Women on boards, firm earnings management (EM) and performance nexus: does gender diversity moderate the EM–performance relationship?",2023.0,"Mensah, E.; Onumah, J.M.",D678ZTRX,"Women on boards, firm earnings management (EM) and performance nexus: does gender diversity moderate the EM–performance relationship?",Title+Year+Author
S9C5HZSQ,"Board gender diversity, corporate social commitment and sustainability",2022.0,"Arayakarnkul, P; Chatjuthamard, P; ...",HVUVUSRL,"Board gender diversity, corporate social commitment and sustainability",DOI
SXFM4NI4,Gender diversity and the spillover effects of women on boards,2021.0,"Boutchkova, M.; Gonzalez, A.; Main, B.G.M.; Sila, V.",PPFEUXX2,Gender diversity and the spillover effects of women on boards.,Title+Year+Author
XICLY78S,Environmental pressure and board gender diversity: Evidence from the European Union Emission Trading System,2024.0,"Dutordoir, M.; Schoubben, F.; Struyfs, K.; Torsin, W.",NPPKVW9M,Environmental pressure and board gender diversity: Evidence from the European Union Emission Trading System.,Title+Year+Author
ZVSPMIJE,Does Board Diversity Attract Foreign Institutional Ownership? Insights from the Chinese Equity Market,2021.0,"Ali, S.; Rehman, R.U.; Ahmad, M.I.; Ueng, J.",52KDLTLX,Does Board Diversity Attract Foreign Institutional Ownership? Insights from the Chinese Equity Market.,Title+Year+Author
MDK6DKGE,Does a Female Director in the Boardroom Affect Sustainability Reporting in the U.S. Healthcare Industry?,2024.0,"Alkayed, H.; Shehadeh, E.; Yousef, I.; Hussainey, K.",SLUFECS4,Does a Female Director in the Boardroom Affect Sustainability Reporting in the U.S. Healthcare Industry?,Title+Year+Author
5KIZCKE5,Does board diversity improve carbon emissions score of best citizen companies?,2023.0,"Aliani, K.",HX5RGAFJ,Does board diversity improve carbon emissions score of best citizen companies?,Title+Year+Author
T5KPSWZ8,Board diversity and shareholder voting,2023.0,"Gow, I.D.; Larcker, D.F.; Watts, E.M.",XPMG9CXS,Board diversity and shareholder voting.,Title+Year+Author
CG4JRW6U,Board diversity on firm performance from resource-based view perspective: new evidence from Pakistan,2024.0,"Khan, I.; Khan, I.; Khan, I.U.; Suleman, S.; Ali, S.",7782DYEW,Board diversity on firm performance from resource-based view perspective: new evidence from Pakistan.,Title+Year+Author
3927CU9P,The pervasive lack of gender diversity in the boardroom: The inconvenience of ambivalent sexism,2024.0,"Naidoo, V.; Mthombeni, M.; Chiba, M.D.",7YSH6PAX,The pervasive lack of gender diversity in the boardroom: The inconvenience of ambivalent sexism.,Title+Year+Author
YQ5FADS9,The Old Boys’ Club and Board Gender Diversity: Evidence from the Anti-corruption Campaign in China,2024.0,"Deng, J.; Lu, D.",6P5HZGR8,The Old Boys' Club and Board Gender Diversity: Evidence from the Anti-corruption Campaign in China.,Title+Year+Author
K583JF7L,Board gender diversity and corporate green innovation: an industry‐level institutional perspective,2023.0,"Naveed, K; Khalid, F; Voinea, CL",29S694DS,Board gender diversity and corporate green innovation: An industry-level institutional perspective,DOI
JDXZCXNQ,Boardroom dynamics: The power of board composition and gender diversity in shaping capital structure,2023.0,"Yakubu, I.N.; Oumarou, S.",UK74P574,Boardroom dynamics: The power of board composition and gender diversity in shaping capital structure.,Title+Year+Author
22DZTXMS,The effect of sustainability performance and CSR on corporate tax avoidance with board gender diversity as mediating variable.,2020.0,"Mouakhar, Khaireddine; Kachouri, Maali; Riguen, Rakia; Jarboui, Anis",QDS85T5G,The effect of sustainability performance and CSR on corporate tax avoidance with board gender diversity as mediating variable,Title+Year+Author
KDHHN8FD,Board gender diversity and firm solvency: Evidence from Scandinavia,2024.0,"Garcia-Blandon, J.; Argilés-Bosch, J.M.; Ravenda, D.",VAIY8YCS,Board gender diversity and firm solvency: Evidence from Scandinavia.,Title+Year+Author
P25M29BT,"Sustainability reporting, board gender diversity and earnings management: evidence from East Africa community",2024.0,"Githaiga, PN",RLM77S4N,"Sustainability reporting, board gender diversity and earnings management: evidence from East Africa community",Title+Year+Author
YKI7MYX9,"Impact of board gender diversity on environmental, social, and ESG controversies performance: The moderating role of United Nations Global Compact and ISO",2024.0,"Mallidis, I.; Giannarakis, G.; Sariannidis, N.",6SCBMRAU,"Impact of board gender diversity on environmental, social, and ESG controversies performance: The moderating role of United Nations Global Compact and ISO.",Title+Year+Author
W4YWS48Q,Board diversity of industry expertise: impacts on strategic change and product markets,2024.0,"Fan, Y.",8JER5F68,Board diversity of industry expertise: impacts on strategic change and product markets.,Title+Year+Author
GA43NDBV,Board gender diversity: performance and risk of Brazilian firms,2021.0,"Mastella, M; Vancin, D; Perlin, M; Kirch, G",SGJ5MB3F,Board gender diversity: performance and risk of Brazilian firms,Title+Year+Author
4UFN7D6J,Board gender diversity and ESG decoupling: does religiosity matter?,2023.0,"Eliwa, Y; Aboud, A; Saleh, A",F26Y864G,Board gender diversity and ESG decoupling: Does religiosity matter?,DOI
ZYWPRFJK,Board gender diversity and corporate social responsibility (CSR) disclosure in different disclosure environments,2023.0,"Temiz, H; Acar, M",XG2PQS7T,Board gender diversity and corporate social responsibility (CSR) disclosure in different disclosure environments,DOI
8MZ58STH,The more the merrier? Exploring the effect of women on boards on the gender pay gap in top management teams,2024.0,"Raina, G.S.; Sahaym, A.; Sheppard, L.D.",L62Z739G,The more the merrier? Exploring the effect of women on boards on the gender pay gap in top management teams.,Title+Year+Author
GYLE3F5Q,The moderating effect of board gender diversity on the relation between corporate social responsibility and firm value,2022.0,"Li, Y; Villiers, C de; Li, LZ; Li, L",FK57L77X,The moderating effect of board gender diversity on the relation between corporate social responsibility and firm value,DOI
UM7R7L86,"The Nexus among board diversity and bank stability: Implications from gender, nationality and education",2023.0,"Elnahass, M.; Alharbi, R.; Mohamed, T.S.; McLaren, J.",2P8TX7JH,"The Nexus among board diversity and bank stability: Implications from gender, nationality and education.",Title+Year+Author
DBI2VGBB,"Board gender diversity, board compensation and firm performance. Evidence from Jordan",2023.0,"Almarayeh, T",YFNPDSHU,"Board gender diversity, board compensation and firm performance. Evidence from Jordan",Title+Year+Author
JMQS5U73,Gender diversity on corporate boards: importance of female traits/characteristics as perceived by university students,2024.0,"Lefley, F.; Trnková, G.; Vychová, H.",UTAK72N3,Gender diversity on corporate boards: importance of female traits/characteristics as perceived by university students.,Title+Year+Author
72J2YSF4,"Board Gender Diversity Codes, Quotas and Threats of Supranational Legislation: Impact on Director Characteristics and Corporate Outcomes",2022.0,"Martínez-García, I.; Terjesen, S.; Gómez-Ansón, S.",8ZGKM9ZB,"Board Gender Diversity Codes, Quotas and Threats of Supranational Legislation: Impact on Director Characteristics and Corporate Outcomes.",DOI
GDI2DXJZ,"Board gender diversity codes, quotas and threats of supranational legislation: impact on director characteristics and corporate outcomes",2022.0,"Martínez‐García, I; Terjesen, S; ...",8ZGKM9ZB,"Board Gender Diversity Codes, Quotas and Threats of Supranational Legislation: Impact on Director Characteristics and Corporate Outcomes.",DOI
74MDMG47,"Attracting Female Directors in the United States: The Roles of Boards, Executives, and Other Stakeholders",2023.0,"Cunningham, L.M.; Ereddia, L.E.",TG9MWYUU,"Attracting Female Directors in the United States: The Roles of Boards, Executives, and Other Stakeholders.",DOI
UJRJGA4D,"Attracting Female Directors in the United States: The Roles of Boards, Executives, and Other Stakeholders",2023.0,"Cunningham, L.M.; Ereddia, L.E.",TG9MWYUU,"Attracting Female Directors in the United States: The Roles of Boards, Executives, and Other Stakeholders.",DOI
DE2QCYN7,Gender diversity in corporate boards of companies listed on the Johannesburg Stock Exchange: a quantile regression approach,2024.0,"Mvita, M.F.; Du Toit, E.",R877TH3F,Gender diversity in corporate boards of companies listed on the Johannesburg Stock Exchange: a quantile regression approach.,Title+Year+Author
LHJTIDR8,Does board gender diversity reduce workplace sexual harassment?,2023.0,"Au, S.-Y.; Tremblay, A.; You, L.",RM2C8VNS,Does board gender diversity reduce workplace sexual harassment?,Title+Year+Author
VP38P24I,THE RAINBOW GLASS CEILING: BREAKING BARRIERS FOR LGBTQ+ INCLUSION IN BOARD DIVERSITY,2024.0,"Federo, R.",EJAE7MCS,THE RAINBOW GLASS CEILING: BREAKING BARRIERS FOR LGBTQ+ INCLUSION IN BOARD DIVERSITY.,Title+Year+Author
JJ5BA838,"Board gender diversity, environmental committee and greenhouse gas voluntary disclosures",2020.0,"Tingbani, I; Chithambo, L; Tauringana, V; ...",VMJ92CD6,"Board gender diversity, environmental committee and greenhouse gas voluntary disclosures",DOI
XYBTSWAZ,Gender diversity on board committees and ESG disclosure: evidence from Canada,2023.0,"Khemakhem, H.; Arroyo, P.; Montecinos, J.",JEYSJ698,Gender diversity on board committees and ESG disclosure: evidence from Canada.,Title+Year+Author
4W6ARFL8,"Product market competition, board gender diversity and corporate sustainability performance: International evidence",2022.0,"Kamarudin, KA; Ariff, AM; Ismail, WA Wan",7LRNSN7K,"Product market competition, board gender diversity and corporate sustainability performance: international evidence",Title+Year+Author
8RKZQLZF,Board gender diversity and ESG performance: The mediating role of temporal orientation in South Africa context,2024.0,"Abdelkader, M.G.; Gao, Y.; Elamer, A.A.",WBJT3DGY,Board gender diversity and ESG performance: The mediating role of temporal orientation in South Africa context.,Title+Year+Author
M2Z3JHP2,Board gender diversity and ESG performance: the mediating role of temporal orientation in South Africa context,2024.0,"Abdelkader, MG; Gao, Y; Elamer, AA",WBJT3DGY,Board gender diversity and ESG performance: The mediating role of temporal orientation in South Africa context.,Title+Year+Author
GGRF2S3F,Board gender diversity and corporate innovation: International evidence,2021.0,"Griffin, D.; Li, K.; Xu, T.",2ZHZW5QH,Board Gender Diversity and Corporate Innovation: International Evidence.,Title+Year+Author
7L7GL4QD,Board gender diversity and corporate innovation: International evidence,2021.0,"Griffin, D; Li, K; Xu, T",2ZHZW5QH,Board Gender Diversity and Corporate Innovation: International Evidence.,Title+Year+Author
QYA6QGXR,Does Board Gender Diversity Really Improve Firm Performance? Evidence from Greek Listed Firms,2022.0,"Arvanitis, S.E.; Varouchas, E.G.; Agiomirgianakis, G.M.",Z23NMKXM,Does Board Gender Diversity Really Improve Firm Performance? Evidence from Greek Listed Firms.,Title+Year+Author
I46X4QPL,Does board gender diversity really improve firm performance? Evidence from Greek listed firms,2022.0,"Arvanitis, SE; Varouchas, EG; ...",Z23NMKXM,Does Board Gender Diversity Really Improve Firm Performance? Evidence from Greek Listed Firms.,Title+Year+Author
U67AHU6Y,Women on boards and corporate environmental performance in Italian companies: The importance of nomination background,2022.0,"De Masi, S.; Słomka-Gołębiowska, A.; Paci, A.",JXALSYHA,Women on boards and corporate environmental performance in Italian companies: The importance of nomination background.,Title+Year+Author
BQ5578NB,Does board gender diversity matter? Evidence from hostile takeover vulnerability,2021.0,"Chatjuthamard, P; Jiraporn, P; Lee, SM; ...",ATT2WHB3,Does board gender diversity matter? Evidence from hostile takeover vulnerability,Title+Year+Author
F6LTURV8,"Investigating how board gender diversity affects environmental, social and governance performance: Evidence from the utilities sector",2023.0,"Mehmood, A; Luca, F De; Quach, H",KK6BI9VT,"Investigating how board gender diversity affects environmental, social and governance performance: Evidence from the utilities sector",Title+Year+Author
89JURSPC,Board diversity and corporate innovation: Regional demographics and industry context,2021.0,"Cumming, D.; Leung, T.Y.",97SQX23Q,Board diversity and corporate innovation: Regional demographics and industry context.,Title+Year+Author
A3UBJCBZ,Board gender diversity and carbon emissions: European evidence on curvilinear relationships and critical mass,2021.0,"Nuber, C; Velte, P",WS4G2XUT,Board gender diversity and carbon emissions: European evidence on curvilinear relationships and critical mass,DOI
4XHY9G3I,"Board gender diversity, audit quality, and the moderating role of political connections: evidence from the Gulf Co-operation Council Countries (GCC)",2024.0,"Tessema, A.; Ahmed, A.; Zahir-ul-Hassan, M.K.",AZ4KF4DV,"Board gender diversity, audit quality, and the moderating role of political connections: evidence from the Gulf Co-operation Council Countries (GCC).",Title+Year+Author
A8FM4DYE,Board gender diversity and ESG disclosure: The moderating role of audit committee,2024.0,"Ma, Y.; Ahmad, M.I.; Torelli, R.",RMDSDUPW,Board gender diversity and ESG disclosure: The moderating role of audit committee.,DOI
XJMWJ5YD,Board gender diversity and ESG disclosure: The moderating role of audit committee,2024.0,"Ma, Y; Ahmad, MI; Torelli, R",RMDSDUPW,Board gender diversity and ESG disclosure: The moderating role of audit committee.,DOI
LHTTC3NZ,The impact of board gender diversity and foreign institutional investors on firm innovation: evidence from China,2022.0,"Ain, QU; Yuan, X; Javaid, HM",8JLPCFN4,The impact of board gender diversity and foreign institutional investors on firm innovation: evidence from China,Title+Year+Author
NYG9G8YB,Do women mind the non-GAAP? Board gender diversity and non-GAAP disclosure quality,2024.0,"Ranasinghe, D.; Unda, L.A.; Wright, S.",GPJE92Z7,Do women mind the non-GAAP? Board gender diversity and non-GAAP disclosure quality.,Title+Year+Author
Q4MCWNZJ,How gender diversity in boards affects disclosure? A literature review,2024.0,"Centinaio, A.",SBB2LI6L,How gender diversity in boards affects disclosure? A literature review.,Title+Year+Author
3ILDMI8L,"Does board gender diversity improve environmental, social and governance disclosure? Evidence from South Africa",2023.0,"Toerien, F.; Breedt, C.; de Jager, P.G.",2UZIYY7X,"Does board gender diversity improve environmental, social and governance disclosure? Evidence from South Africa.",Title+Year+Author
AT9CWRI9,The Effectiveness of Gender Diversity Reforms and the Impact of a Familial Culture: A Spillover Effect on Board Independence,2023.0,"Poletti-Hughes, J.; Dimungu-Hewage, D.",9CM8KNKG,The Effectiveness of Gender Diversity Reforms and the Impact of a Familial Culture: A Spillover Effect on Board Independence.,Title+Year+Author
HHQDKK8Z,"Board gender diversity, CSR strategy, and eco-friendly initiatives in the transportation and logistics sector",2022.0,"Kuzey, C.; Fritz, M.M.C.; Uyar, A.; Karaman, A.S.",NCMM22RH,"Board gender diversity, CSR strategy, and eco-friendly initiatives in the transportation and logistics sector.",Title+Year+Author
9DZAEL9V,"Board gender diversity, CSR strategy, and eco-friendly initiatives in the transportation and logistics sector",2022.0,"Kuzey, C; Fritz, MMC; Uyar, A; Karaman, AS",NCMM22RH,"Board gender diversity, CSR strategy, and eco-friendly initiatives in the transportation and logistics sector.",Title+Year+Author
E3Y595S7,"Board gender diversity, governance and Egyptian listed firms' performance",2022.0,"Ramadan, MM; Hassan, MK",42LADQZ5,"Board gender diversity, governance and Egyptian listed firms' performance",Title+Year+Author
D6FIRN5G,Women on Boards and Firm Performance: A Microeconometric Search for a Connection,2020.0,"Gruszczyński, M.",6T4DQC47,Women on Boards and Firm Performance: A Microeconometric Search for a Connection.,Title+Year+Author
WPCULSMX,"Insider trading, gender diversity within the board room, CEO pay gap, and stock price crash risk",2024.0,"Le, V.P.; Nguyen, A.-N.; Gregoriou, A.",WLDB9IBH,"Insider trading, gender diversity within the board room, CEO pay gap, and stock price crash risk.",Title+Year+Author
UFEAUS68,"Board gender diversity, competitive pressure and investment efficiency in Chinese private firms",2020.0,"Mirza, SS; Majeed, MA; Ahsan, T",DH3S9I59,"Board gender diversity, competitive pressure and investment efficiency in Chinese private firms",DOI
H4NVGZWZ,Women on Boards and Performance Trade-offs in Social Enterprises: Insights from Microfinance,2024.0,"Bennouri, M.; Cozarenco, A.; Nyarko, S.A.",W5UE6BKP,Women on Boards and Performance Trade-offs in Social Enterprises: Insights from Microfinance.,Title+Year+Author
6PX269KU,"Ethnic board diversity, earnings quality and institutional investors: evidence from Malaysian corporate boards",2020.0,"Tee, C.M.; Rassiah, P.",B3JA6L9A,"Ethnic board diversity, earnings quality and institutional investors: evidence from Malaysian corporate boards.",Title+Year+Author
K8I6VMJV,Boardroom gender diversity and risk-taking in the insurance industry: do organizational form and ownership structure matter?,2024.0,"Jouber, H.",72MPSALW,Boardroom gender diversity and risk-taking in the insurance industry: do organizational form and ownership structure matter?,Title+Year+Author
2CFKYHHS,Effects of board gender diversity and sustainability committees on environmental performance: a quantile regression approach,2023.0,"Muhammad, H.; Migliori, S.",N57QC8BA,Effects of board gender diversity and sustainability committees on environmental performance: a quantile regression approach.,Title+Year+Author
59QYYVAJ,Firm Governance and Functional Strengths: The Impact of Board Diversity on Firm Marketing Capability,2022.0,"Sun, W.; Xu, X.; Govind, R.",GXB8KI7H,Firm Governance and Functional Strengths: The Impact of Board Diversity on Firm Marketing Capability.,Title+Year+Author
IIRMHS3Q,Board gender diversity and employee productivity. The moderating role of female leaders,2024.0,"Meliá-Martí, E.; Tormo-Carbó, G.; Fernández-Guadaño, J.",RRYRB3SI,Board gender diversity and employee productivity. The moderating role of female leaders.,Title+Year+Author
KY66CECA,Board Gender Diversity and Women in Senior Management,2023.0,"Biswas, P.K.; Chapple, L.; Roberts, H.; Stainback, K.",URPEYYHB,Board Gender Diversity and Women in Senior Management.,DOI
SDQT8ZDG,Board gender diversity and women in senior management,2023.0,"Biswas, PK; Chapple, L; Roberts, H; ...",URPEYYHB,Board Gender Diversity and Women in Senior Management.,DOI
ZPSYUQ6U,"Board gender diversity, audit committee and financial performance: evidence from Nigeria",2020.0,"Chijoke-Mgbame, A.M.; Boateng, A.; Mgbame, C.O.",WGC9NCFE,"Board gender diversity, audit committee and financial performance: evidence from Nigeria.",DOI
T2P9M4KN,"Board gender diversity, audit committee and financial performance: evidence from Nigeria",2020.0,"Chijoke-Mgbame, AM; Boateng, A; Mgbame, CO",WGC9NCFE,"Board gender diversity, audit committee and financial performance: evidence from Nigeria.",DOI
FEEG6G67,Corporate governance and firm risk-taking: the moderating role of board gender diversity,2023.0,"Muhammad, H; Migliori, S; Mohsni, S",2BLQGJE2,Corporate governance and firm risk-taking: the moderating role of board gender diversity,Title+Year+Author
3K87QWSJ,"Board gender diversity and environmental, social and corporate governance performance: evidence from ASEAN banks",2020.0,"Al-Jaifi, HA",5Y82G72R,"Board gender diversity and environmental, social and corporate governance performance: evidence from ASEAN banks",Title+Year+Author
CTGQEE2M,Why and when female directors are less engaged in their board duties: An interface perspective,2022.0,"Weck, M.K.; Veltrop, D.B.; Oehmichen, J.; Rink, F.",U873LZIF,Why and when female directors are less engaged in their board duties: An interface perspective.,Title+Year+Author
XMU3WIAA,Gender diversity on boards for organizational impression management: An empirical study of Japanese firms,2022.0,"Min, J.",6696MMGJ,Gender diversity on boards for organizational impression management: An empirical study of Japanese firms.,Title+Year (author absent/consistent)
YPALUHSY,Cracking the Diversity Code: Analyzing Board Gender Diversity in the AEC Sector,2024.0,"Hong, E.",HKZPGQWC,Cracking the Diversity Code: Analyzing Board Gender Diversity in the AEC Sector.,Title+Year+Author
2YMUSBT6,Board diversity and post-IPO performance: the case of technology start-ups,2024.0,"Chen, L.-Y.; Lai, J.-H.",TR5I5GGX,Board diversity and post-IPO performance: the case of technology start-ups.,Title+Year+Author
IBAF37YR,The link between CSR performance and CSR disclosure quality: does board diversity matter?,2024.0,"Cormier, D.; Gutierrez, L.; Magnan, M.",4NMHXF47,The link between CSR performance and CSR disclosure quality: does board diversity matter?,Title+Year+Author
4LLIY56A,Board Gender Diversity and Firm Performance: Recent Evidence from Japan,2024.0,"Wang, K.; Ma, J.; Xue, C.; Zhang, J.",K86W8R4A,Board Gender Diversity and Firm Performance: Recent Evidence from Japan.,Title+Year+Author
HMVA55CH,The moderating role of board gender diversity in ESG and firm performance: Empirical evidence from Gulf countries,2024.0,"Alahdal, W.M.; Hashim, H.A.; Almaqtari, F.A.; Salleh, Z.; Pandey, D.K.",VBS6QK3B,The moderating role of board gender diversity in ESG and firm performance: Empirical evidence from Gulf countries.,Title+Year+Author
6Z4PRIJC,Board gender diversity and firm performance: The UK evidence,2021.0,"Brahma, S; Nwafor, C; Boateng, A",N5PRY49K,Board gender diversity and firm performance: The UK evidence,DOI
M8MN6SIY,Female directors on the board and cost of debt: evidence from Australia,2020.0,"Pandey, R.; Biswas, P.K.; Ali, M.J.; Mansi, M.",I7BBPTS4,Female directors on the board and cost of debt: evidence from Australia.,Title+Year+Author
SL4SRDWH,"Board gender diversity, financial decisions and free cash flow: empirical evidence from Malaysia",2022.0,"Guizani, M; Abdalkrim, G",7ZRLDPMU,"Board gender diversity, financial decisions and free cash flow: empirical evidence from Malaysia",Title+Year+Author
DE8H378L,"Board gender diversity, quotas and critical mass theory",2024.0,"Lefley, F.; Janeček, V.",T89PZ4CI,"Board gender diversity, quotas and critical mass theory.",Title+Year+Author
7ESQPBTS,Gender board diversity and the cost of bank loans,2021.0,"Karavitis, P.; Kokas, S.; Tsoukas, S.",Z86TX658,Gender board diversity and the cost of bank loans.,Title+Year+Author
J4GEMV5V,Gender diversity on board of directors: comprehensive analysis of female directorate networks and the linkage between busyness and performance,2022.0,"Safari, M.",BRSR936E,Gender diversity on board of directors: comprehensive analysis of female directorate networks and the linkage between busyness and performance,DOI
XFN8F7QN,A path to success: educational board diversity and its influence on MENA banks’ efficiency and stability,2024.0,"Issa, A.; Sahyouni, A.; Mateev, M.",VYNURX6W,A path to success: educational board diversity and its influence on MENA banks' efficiency and stability.,Title+Year+Author
5V3EKDSK,The 2030 Agenda and sustainable development in tourism firms: Board gender diversity and environmental policy on natural resource use,2024.0,"Gallego-Sosa, C.; Fernández-Torres, Y.; Gutiérrez-Fernández, M.",NG76Z2KS,The 2030 Agenda and sustainable development in tourism firms: Board gender diversity and environmental policy on natural resource use.,Title+Year+Author
9VX9CZ6R,Board Diversity and Corporate Social Responsibility: Empirical Evidence from France,2021.0,"Beji, Rania; Yousfi, Ouidad; Loukil, Nadia; Omri, Abdelwahed",9QGM7GWL,Board Diversity and Corporate Social Responsibility: Empirical Evidence from France.,Title+Year+Author
BZBVLMQ4,Board Diversity and Corporate Social Responsibility: Empirical Evidence from France,2021.0,"Beji, Rania; Yousfi, Ouidad; Loukil, Nadia; Omri, Abdelwahed",9QGM7GWL,Board Diversity and Corporate Social Responsibility: Empirical Evidence from France.,Title+Year+Author
LL67XHCF,Board Diversity and Corporate Social Responsibility: Empirical Evidence from France,2021.0,"Beji, R.; Yousfi, O.; Loukil, N.; Omri, A.",9QGM7GWL,Board Diversity and Corporate Social Responsibility: Empirical Evidence from France.,Title+Year+Author
8XKZBV4Q,Does board diversity influence idiosyncratic risk: Empirical evidence from Chinese listed firms,2024.0,"Ali, F.; Khan, M.A.; Zahid, Z.; Hussain, K.",Y3PHUV9S,Does board diversity influence idiosyncratic risk: Empirical evidence from Chinese listed firms.,Title+Year+Author
S4B2E8VR,The big three and board gender diversity: The effectiveness of shareholder voice,2023.0,"Gormley, TA; Gupta, VK; Matsa, DA; Mortal, SC; ...",TB7Z838D,The Big Three and board gender diversity: The effectiveness of shareholder voice,Title+Year+Author
N2TXQ6HT,The Impact of Board Gender Diversity on European Firms’ Performance: The Moderating Role of Liquidity,2024.0,"Gharios, R.; Awad, A.B.; Abu Khalaf, B.; Seissian, L.A.",MAXB5DXE,The Impact of Board Gender Diversity on European Firms' Performance: The Moderating Role of Liquidity.,Title+Year+Author
7HGC9CGE,CEO POWER AND TAX AVOIDANCE IN MALAYSIA: THE MODERATING EFFECT OF BOARD GENDER DIVERSITY,2024.0,"Guat-Khim, H.; Lian-Kee, P.",FLG4CMZI,CEO POWER AND TAX AVOIDANCE IN MALAYSIA: THE MODERATING EFFECT OF BOARD GENDER DIVERSITY.,Title+Year+Author
LM4KLLYE,"Cross-border M&A, gender-equal culture, and board gender diversity",2024.0,"Bao, Y.; Li, J.",YREDR5TZ,"Cross-border M&A, gender-equal culture, and board gender diversity.",Title+Year+Author
PMKYA3R5,Board gender diversity and environmental emissions,2022.0,"Kyaw, K; Treepongkaruna, S; ...",TXMYV7H6,Board gender diversity and environmental emissions,DOI
BS8HJNIE,"The Impact of Board Diversity, CEO Characteristics, and Board Committees on Financial Performance in the Case of Romanian Companies",2022.0,"Mihail, B.A.; Dumitrescu, D.; Micu, C.D.; Lobda, A.",ULD5AKM7,"The Impact of Board Diversity, CEO Characteristics, and Board Committees on Financial Performance in the Case of Romanian Companies.",Title+Year+Author
4QMA9Y7W,Board diversity and corporate social responsibility versus sustainability development: Evidence from US and Australia,2023.0,"Mohy-ud-Din, K.",LWTQTYNK,Board diversity and corporate social responsibility versus sustainability development: Evidence from US and Australia.,Title+Year+Author
TMDDHZD3,Does gender diversity on banks' boards matter? Evidence from public bailouts,2021.0,"Cardillo, G.; Onali, E.; Torluccio, G.",QPQMDRIY,Does gender diversity on banks' boards matter? Evidence from public bailouts.,Title+Year+Author
H5RFV7VC,"Board gender diversity: implications for environment, social, and governance (ESG) performance of Indian firms",2023.0,"Yadav, P.; Prashar, A.",2Q8JNUJS,"Board gender diversity: implications for environment, social, and governance (ESG) performance of Indian firms.",Title+Year+Author
A58PC8KF,"Board gender diversity: implications for environment, social, and governance (ESG) performance of Indian firms",2023.0,"Yadav, P; Prashar, A",2Q8JNUJS,"Board gender diversity: implications for environment, social, and governance (ESG) performance of Indian firms.",Title+Year+Author
BT53BLS9,Board gender diversity and CSR performance: A French study,2023.0,"Benaguid, O.; Sbai, H.; Meghouar, H.; Antari, O.",UKVGRAJS,Board gender diversity and CSR performance: A French study.,Title+Year+Author
8J5JYSA6,Commitment to sustainability in large European banks and its relationship with board gender diversity: A 2030 Agenda perspective,2024.0,"Gutiérrez-Fernández, M.; Gallego-Sosa, C.; Fernández-Torres, Y.",SCNF82CS,Commitment to sustainability in large European banks and its relationship with board gender diversity: a 2030 Agenda perspective.,Title+Year+Author
LDTHV22F,"Biodiversity disclosure, sustainable development and environmental initiatives: does board gender diversity matter?",2022.0,"Carvajal, M; Nadeem, M; Zaman, R",IVSH9I5I,"Biodiversity disclosure, sustainable development and environmental initiatives: Does board gender diversity matter?",DOI
MAYPRNMJ,The effect of board gender diversity on cross-listing,2020.0,"Shoham, A.; Lee, S.M.; Khan, Z.; Tarba, S.Y.; Ahammad, M.F.",YLDZYHIA,The effect of board gender diversity on cross-listing.,Title+Year+Author
DGMF5VF7,The effect of board gender diversity on cross-listing,2020.0,"Shoham, A; Lee, SM; Khan, Z; Tarba, SY; ...",YLDZYHIA,The effect of board gender diversity on cross-listing.,Title+Year+Author
VSGZI7SY,Does gender diversity in supervisory boards affect gender diversity in management boards in Germany? An empirical analysis,2022.0,"Fleischer, D.",62EY772M,Does gender diversity in supervisory boards affect gender diversity in management boards in Germany? An empirical analysis,Title+Year+Author
YSWBY47N,Boardroom gender diversity and investment inefficiency: New evidence from the United Kingdom,2023.0,"Farooq, S.; Gan, C.; Nadeem, M.",XKZFBN7N,Boardroom gender diversity and investment inefficiency: New evidence from the United Kingdom.,Title+Year+Author
CH2449P4,The Impact of Board Gender Diversity Commitment on Firm Performance Moderated by Board Characteristics: Evidence From Sustainable European Firms and Financial Orientation,2024.0,"Bel-Oms, I.; Grau-Grau, A.J.; Núñez-Almonte, J.",LG3Y75YJ,The Impact of Board Gender Diversity Commitment on Firm Performance Moderated by Board Characteristics: Evidence From Sustainable European Firms and Financial Orientation.,Title+Year+Author
TL7R5VB6,Board Gender Diversity and Managerial Obfuscation: Evidence from the Readability of Narrative Disclosure in 10-K Reports,2022.0,"Nadeem, M.",WKTTZ82F,Board Gender Diversity and Managerial Obfuscation: Evidence from the Readability of Narrative Disclosure in 10-K Reports.,DOI
TJVAAX7W,Board gender diversity and managerial obfuscation: Evidence from the readability of narrative disclosure in 10-K reports,2022.0,"Nadeem, M",WKTTZ82F,Board Gender Diversity and Managerial Obfuscation: Evidence from the Readability of Narrative Disclosure in 10-K Reports.,DOI
NK24M6QY,Board gender diversity and sustainability performance: Nordic evidence,2023.0,"Khatri, I",FCUWQUEE,Board gender diversity and sustainability performance: Nordic evidence,DOI
RNGNX4LL,The board gender diversity imitation game: Uncovering the resistant boards that refuse to play,2024.0,"Mateos de Cabo, R.; Gimeno, R.; Gabaldón, P.; Grau, P.",MTHUE4F3,The board gender diversity imitation game: Uncovering the resistant boards that refuse to play.,DOI
3PNCMXC2,The board gender diversity imitation game: Uncovering the resistant boards that refuse to play,2024.0,"Mateos de Cabo, R.; Gimeno, R.; Gabaldón, P.; Grau, P.",MTHUE4F3,The board gender diversity imitation game: Uncovering the resistant boards that refuse to play.,DOI
I4SQZNRC,"Board diversity, female executives and stock liquidity: evidence from opposing cycles in the USA",2024.0,"Shahrour, M.H.; Lemand, R.; Wojewodzki, M.",DRIGW85R,"Board diversity, female executives and stock liquidity: evidence from opposing cycles in the USA.",Title+Year+Author
IVPF89FP,Board gender diversity reform and corporate carbon emissions,2024.0,"Barroso, R; Duan, T; Guo, S; Kowalewski, O",7CZ2RKKX,Board gender diversity reform and corporate carbon emissions,Title+Year+Author
28HUL35U,Not Just a Gender Numbers Game: How Board Gender Diversity Affects Corporate Risk Disclosure,2022.0,"Seebeck, Andreas; Vetter, Julia",Q6MC92VJ,Not Just a Gender Numbers Game: How Board Gender Diversity Affects Corporate Risk Disclosure.,Title+Year+Author
3SLWKQ3C,Not Just a Gender Numbers Game: How Board Gender Diversity Affects Corporate Risk Disclosure,2022.0,"Seebeck, Andreas; Vetter, Julia",Q6MC92VJ,Not Just a Gender Numbers Game: How Board Gender Diversity Affects Corporate Risk Disclosure.,Title+Year+Author
4QPBTQRC,Not Just a Gender Numbers Game: How Board Gender Diversity Affects Corporate Risk Disclosure,2022.0,"Seebeck, A.; Vetter, J.",Q6MC92VJ,Not Just a Gender Numbers Game: How Board Gender Diversity Affects Corporate Risk Disclosure.,DOI
DZPL7IZW,Not just a gender numbers game: how board gender diversity affects corporate risk disclosure,2022.0,"Seebeck, A; Vetter, J",Q6MC92VJ,Not Just a Gender Numbers Game: How Board Gender Diversity Affects Corporate Risk Disclosure.,DOI
G3GZJKQN,Evaluating board candidates: A threat-contingency model of shareholder dissent against female director candidates,2021.0,"Mitra, A.; Post, C.; Sauerwald, S.",F692DB6J,Evaluating Board Candidates: A Threat-Contingency Model of Shareholder Dissent Against Female Director Candidates.,Title+Year+Author
D3VFZSHN,Do women on boards break the glass ceiling or face the glass cliff?,2024.0,"Poma, E.; Pistoresi, B.",K73AIQFJ,Do women on boards break the glass ceiling or face the glass cliff?,Title+Year+Author
EPI7Z77A,"Female directors, board committees, and firm performance: Time-series evidence from Turkey",2021.0,"Ararat, M.; Yurtoglu, B.B.",2NQF8HNQ,"Female directors, board committees, and firm performance: Time-series evidence from Turkey.",Title+Year+Author
GQFEQYVW,Board gender diversity and acquisition choices,2023.0,"Gunasekarage, A.; Khedmati, M.; Minnick, K.; Shams, S.",K3I9ZUTD,Board gender diversity and acquisition choices.,Title+Year+Author
SG4C8N2A,Critical mass and voice: Board gender diversity and financial reporting quality,2022.0,"Dobija, D; Hryckiewicz, A; Zaman, M; ...",46TZN9KN,Critical mass and voice: Board gender diversity and financial reporting quality,Title+Year+Author
72JTLIPZ,Public Attention to Gender Equality and Board Gender Diversity,2023.0,"Giannetti, M.; Wang, T.Y.",9PACY3TD,Public Attention to Gender Equality and Board Gender Diversity.,Title+Year+Author
PFV56JPC,Public attention to gender equality and board gender diversity,2023.0,"Giannetti, M; Wang, TY",9PACY3TD,Public Attention to Gender Equality and Board Gender Diversity.,Title+Year+Author
IXJ8N5R7,Social capital and board gender diversity,2022.0,"Afzali, M.; Silvola, H.; Terjesen, S.",D4232SVS,Social capital and board gender diversity.,DOI
6VLJ2ZK6,Social capital and board gender diversity,2022.0,"Afzali, M; Silvola, H; Terjesen, S",D4232SVS,Social capital and board gender diversity.,DOI
D7VXC74Y,Are women eco‐friendly? Board gender diversity and environmental innovation,2020.0,"Nadeem, M; Bahadar, S; Gull, AA; ...",FMMSSPVZ,Are women eco-friendly? Board gender diversity and environmental innovation,DOI
C5WWBB7F,Contingent Effect of Board Gender Diversity on Performance in Emerging Markets: Evidence from the Egyptian Revolution,2021.0,"Ararat, M.; El-Helaly, M.; Lowe, A.; Shehata, N.",GDEWLXFN,Contingent Effect of Board Gender Diversity on Performance in Emerging Markets: Evidence from the Egyptian Revolution.,Title+Year+Author
H7NACWNN,Does internationalization and board diversity affect family firms' sustainable performance? Empirical evidence from an emerging economy,2024.0,"Godbole, M.; Manogna, R.L.",756PZG4K,Does internationalization and board diversity affect family firms' sustainable performance? Empirical evidence from an emerging economy.,Title+Year+Author
QDA9RDZZ,Board Gender Diversity and Carbon Proactivity: The Influence of Cultural Factors,2023.0,"Wang, H.; Tang, Q.; Guo, T.",TSZGKBP2,Board Gender Diversity and Carbon Proactivity: The Influence of Cultural Factors.,Title+Year+Author
YBEBNPXC,Family firm status and environmental disclosure: The moderating effect of board gender diversity,2023.0,"Maggi, B.; Gjergji, R.; Vena, L.; Sciascia, S.; Cortesi, A.",84AAMUG4,Family firm status and environmental disclosure: The moderating effect of board gender diversity.,Title+Year+Author
ZHTMVBZ3,Does board gender diversity impact financial performance? Evidence from the Indian IT sector,2023.0,"Singh, J; Singhania, S; Aggrawal, D",RSU8MPQC,Does board gender diversity impact financial performance? Evidence from the Indian IT sector,Title+Year+Author
26V3IU7N,Firm's biodiversity initiatives disclosure and board gender diversity: a multi‐country analysis of corporations operating in Europe,2023.0,"Issa, A; Zaid, MAA",QC2HERYE,Firm's biodiversity initiatives disclosure and board gender diversity: A multi-country analysis of corporations operating in Europe,DOI
URSYIMLQ,Interlocking directorships and firm performance: the role of board diversity.,2024.0,"Khan, Ajab; Baker, Kent H.",GVA65BWT,Interlocking directorships and firm performance: the role of board diversity.,Title+Year+Author
NW3XP4K2,Interlocking directorships and firm performance: the role of board diversity,2024.0,"Khan, A.; Baker, K.H.",GVA65BWT,Interlocking directorships and firm performance: the role of board diversity.,DOI
CWZZI6QG,Interlocking directorships and firm performance: the role of board diversity,2024.0,"Khan, A.; Baker, K.H.",GVA65BWT,Interlocking directorships and firm performance: the role of board diversity.,DOI
83JGWADT,Interlocking directorships and firm performance: the role of board diversity,2024.0,"Khan, A; Baker, KH",GVA65BWT,Interlocking directorships and firm performance: the role of board diversity.,Title+Year+Author
FYJUWJYE,Board gender diversity and firm performance: A complexity theory perspective,2023.0,"Pandey, N; Kumar, S; Post, C; Goodell, JW; ...",DK5XEWWI,Board gender diversity and firm performance: A complexity theory perspective,DOI
8DXS2PKD,"Board gender diversity and environmental, social and governance (ESG) disclosure: is it different for developed and developing nations?",2023.0,"Wasiuzzaman, S; Subramaniam, V",VW7FZUKK,"Board gender diversity and environmental, social and governance (ESG) disclosure: Is it different for developed and developing nations?",DOI
ZN4IT49J,Board Gender Diversity and Corporate Response to Cyber Risk: Evidence from Cybersecurity Related Disclosure,2022.0,"Radu, Camélia; Smaili, Nadia",Y2NF4VG5,Board Gender Diversity and Corporate Response to Cyber Risk: Evidence from Cybersecurity Related Disclosure.,Title+Year+Author
D88ZYJFG,Board Gender Diversity and Corporate Response to Cyber Risk: Evidence from Cybersecurity Related Disclosure,2022.0,"Radu, Camélia; Smaili, Nadia",Y2NF4VG5,Board Gender Diversity and Corporate Response to Cyber Risk: Evidence from Cybersecurity Related Disclosure.,Title+Year+Author
RUSPJZFK,Board Gender Diversity and Corporate Response to Cyber Risk: Evidence from Cybersecurity Related Disclosure,2022.0,"Radu, C.; Smaili, N.",Y2NF4VG5,Board Gender Diversity and Corporate Response to Cyber Risk: Evidence from Cybersecurity Related Disclosure.,DOI
GE7CE2T4,"Board Gender Diversity and Corporate Response to Cyber Risk: Evidence from Cybersecurity Related Disclosure: C. Radu, N. Smaili",2022.0,"Radu, C; Smaili, N",Y2NF4VG5,Board Gender Diversity and Corporate Response to Cyber Risk: Evidence from Cybersecurity Related Disclosure.,DOI
Z9FGW396,"Female CFOs, leverage and the moderating role of board diversity and CEO power",2021.0,"Schopohl, L.; Urquhart, A.; Zhang, H.",FZ9JC5CJ,"Female CFOs, leverage and the moderating role of board diversity and CEO power.",Title+Year+Author
I7TBUVY5,Gender diversity on boards: Determinants that underlie the proposals for female directors,2023.0,"López-Cabarcos, M.Á.; Vizcaíno-González, M.; López-Pérez, M.L.",T5PIG9S4,Gender diversity on boards: Determinants that underlie the proposals for female directors,DOI
GTU3CKSI,Does board gender diversity affect intellectual capital voluntary disclosure? Evidence from Tunisia,2024.0,"Loulou-Baklouti, S.",W8M4HIS8,Does board gender diversity affect intellectual capital voluntary disclosure? Evidence from Tunisia.,Title+Year+Author
JHXHNGV8,"Shaping a sustainable future: The impact of board gender diversity on clean energy use and the moderating role of environmental, social and governance controversies",2023.0,"Issa, A.",9P46LSSW,"Shaping a sustainable future: The impact of board gender diversity on clean energy use and the moderating role of environmental, social and governance controversies.",DOI
XSGZU9AF,"Shaping a sustainable future: The impact of board gender diversity on clean energy use and the moderating role of environmental, social and governance …",2023.0,"Issa, A",9P46LSSW,"Shaping a sustainable future: The impact of board gender diversity on clean energy use and the moderating role of environmental, social and governance controversies.",DOI
XE2FIUIV,The dynamic relation between board gender diversity and firm performance: the moderating role of shareholder activism,2024.0,"Xie, F.; Guo, Y.; Daniel, S.J.; Liu, Y.",F433T837,The dynamic relation between board gender diversity and firm performance: the moderating role of shareholder activism.,Title+Year+Author
7U26H23G,Board gender diversity and firm risk: international evidence,2022.0,"Li, Z; Jia, J; Chapple, L",6LL5FCXE,Board gender diversity and firm risk: international evidence,Title+Year+Author
LKYBYNFD,Does corporate social responsibility mediate the relationship between board diversity and financial distress: evidence from an emerging economy?,2024.0,"Farooq, M.; Khan, I.; Jabri, Q.A.; Khan, M.T.",KWS8MICA,Does corporate social responsibility mediate the relationship between board diversity and financial distress: evidence from an emerging economy?,Title+Year+Author
W7TGC287,Gender diversity on corporate boards: perceptions on quotas,2024.0,"Lefley, F.; Vychová, H.; Trnková, G.",K4SVWDWU,Gender diversity on corporate boards: perceptions on quotas.,Title+Year+Author
5X4QXSJS,The moderating role of board gender diversity between power-based corporate governance and tax aggressiveness,2021.0,"Yahya, F.; Manan, A.; Khan, M.W.J.; Hashmi, M.S.",58YSUV3T,The moderating role of board gender diversity between power-based corporate governance and tax aggressiveness.,Title+Year+Author
66AHIN9H,Nexus between corporate environmental disclosures and gender diversity: Interaction effects of board independence,2024.0,"Arora, A.; Aliani, K.",6U7DJQKH,Nexus between corporate environmental disclosures and gender diversity: Interaction effects of board independence.,Title+Year+Author
2RL8LDGL,Examining the relationship between CEO power and modern slavery disclosures: The moderating role of board gender diversity in UK companies,2024.0,"Allam, A.; Moussa, T.; Elmarzouky, M.",XDV37IWD,Examining the relationship between CEO power and modern slavery disclosures: The moderating role of board gender diversity in UK companies.,Title+Year+Author
4WB7C3DX,Board gender diversity and firm performance: The mediating role of sustainability disclosure,2023.0,"Alodat, AY; Salleh, Z; Nobanee, H; ...",XH25WTML,Board gender diversity and firm performance: The mediating role of sustainability disclosure,DOI
IRUSRY5G,"Bringing Women on Board? Family Policies, Quotas and Gender Diversity in Top Jobs",2021.0,"Kowalewska, Helen",YE6K9ZZ4,"Bringing Women on Board? Family Policies, Quotas and Gender Diversity in Top Jobs",Title+Year+Author
QDL7I6IL,"Bringing Women on Board? Family Policies, Quotas and Gender Diversity in Top Jobs",2021.0,"Kowalewska, H.",YE6K9ZZ4,"Bringing Women on Board? Family Policies, Quotas and Gender Diversity in Top Jobs",Title+Year+Author
3CHMAQDN,What is the role of the board sustainable committee for corporate social responsibility? The moderating effect of gender diversity and ownership concentration.,2022.0,"Javeed, Sohail Ahmad; Latief, Rashid; Cai, Xiang; San Ong, Tze; Qian, Sun; Haq, Ahsan Ul",VRELL6X2,What is the role of the board sustainable committee for corporate social responsibility? The moderating effect of gender diversity and ownership concentration.,Title+Year+Author
8FR5AQLP,What is the role of the board sustainable committee for corporate social responsibility? The moderating effect of gender diversity and ownership concentration,2022.0,"Javeed, S.A.; Latief, R.; Cai, X.; San Ong, T.; Qian, S.; Haq, A.U.",VRELL6X2,What is the role of the board sustainable committee for corporate social responsibility? The moderating effect of gender diversity and ownership concentration.,Title+Year+Author
94FPNXKH,Women on boards and on top management positions and excess cash holdings: a quantile regression approach,2023.0,"Jilani, I.; Lakhal, F.; Lakhal, N.",YPJQUWZU,Women on boards and on top management positions and excess cash holdings: a quantile regression approach.,Title+Year+Author
JA2I5LYV,Does board gender diversity affect firm performance? Empirical evidence from Standard &Poor's 500 Information Technology Sector,2021.0,"Simionescu, LN; Gherghina, ŞC; Tawil, H; Sheikha, Z",W7XD68WM,Does board gender diversity affect firm performance? Empirical evidence from Standard & Poor’s 500 Information Technology Sector,DOI
FNBXUN2A,Women on boards of directors and firm performance: the mediation of employment downsizing,2022.0,"Chen, M.-Y.; Kao, C.-L.",99IUZY99,Women on boards of directors and firm performance: the mediation of employment downsizing.,Title+Year+Author
Z9JMQKUA,Board gender diversity and cyber security disclosure in the Indonesian banking industry: a two-tier governance context,2024.0,"Kurnia, P.; Ardianto, A.",8J3W5YUP,Board gender diversity and cyber security disclosure in the Indonesian banking industry: a two-tier governance context.,Title+Year+Author
3QXF78F3,Corporate governance mechanisms and earnings management: The moderating role of female directors,2023.0,"Mensah, E.; Boachie, C.",7VWMIPEZ,Corporate governance mechanisms and earnings management: The moderating role of female directors.,Title+Year+Author
BSL3BDK5,Board gender diversity and corporate social responsbility,2023.0,"Wasiu Abiodun, S.; Micheal Rotimi, S.; Menslu, S.; Zhaxat, K.; Tursynzada, K.; Biola Hammed, A.",44YWQ7KZ,Board gender diversity and corporate social responsbility.,Title+Year+Author
FFNPQ2CC,Boardroom gender diversity and CEO pay deviation: Australian evidence,2021.0,"Ahmed, A.; Atif, M.; Gyapong, E.",68NL2ZXC,Boardroom gender diversity and CEO pay deviation: Australian evidence.,Title+Year+Author
ZY8DWLWI,"Sustainability reporting, board diversity, earnings management and financial statements readability: evidence from an emerging economy",2024.0,"Ndegwa, J.N.",C2LU2UIK,"Sustainability reporting, board diversity, earnings management and financial statements readability: evidence from an emerging economy.",Title+Year+Author
SKQL9WUF,Does board gender diversity reduce ‘CEO luck’?,2022.0,"Ongsakul, V.; Jaroenjitrkam, A.; Treepongkaruna, S.; Jiraporn, P.",ZG8YBC3E,Does board gender diversity reduce 'CEO luck'?,Title+Year+Author
YYG4KPFK,Social movement spillover: Barriers to board gender diversity posed by contemporary governance reform,2020.0,"Geletkanycz, M.A.",RL8RVYY7,Social movement spillover: Barriers to board gender diversity posed by contemporary governance reform.,Title+Year+Author
2Q23GIX9,In the Club? How Categorization and Contact Impact the Board Gender Diversity-Firm Performance Relationship,2023.0,"Havrylyshyn, A.; Schepker, D.J.; Nyberg, A.J.",Y8GVJSVI,In the Club? How Categorization and Contact Impact the Board Gender Diversity-Firm Performance Relationship.,Title+Year+Author
PGTDMYF9,Media visibility and board gender diversity,2022.0,"Peña-Martel, D.; Pérez-Alemán, J.; Santana-Martín, D.J.",PHEYRIRX,Media visibility and board gender diversity.,Title+Year+Author
PDP8JRWE,Does board gender diversity affect renewable energy consumption?,2021.0,"Atif, M.; Hossain, M.; Alam, M.S.; Goergen, M.",X94VXS62,Does board gender diversity affect renewable energy consumption?,Title+Year+Author
EDY2ULYA,Does board gender diversity affect renewable energy consumption?,2021.0,"Atif, M; Hossain, M; Alam, MS; Goergen, M",X94VXS62,Does board gender diversity affect renewable energy consumption?,Title+Year+Author
IX7YGH9V,The dual effect of board gender diversity on R&D investments,2022.0,"Almor, T.; Bazel-Shoham, O.; Lee, S.M.",BAGNUELS,The dual effect of board gender diversity on R&D investments.,Title+Year+Author
2S77MYDC,The dual effect of board gender diversity on R&D investments,2022.0,"Almor, T; Bazel-Shoham, O; Lee, SM",BAGNUELS,The dual effect of board gender diversity on R&D investments.,Title+Year+Author
9BXUXXRK,Is social capital a determinant of board gender diversity?,2021.0,"Oyotode-Adebile, R.; Ujah, N.U.",IHN9J3GX,Is social capital a determinant of board gender diversity?,Title+Year+Author
MKR42DAB,Soft regulation of women on boards: Evidence from Canada,2022.0,"Oldford, E.",CCS6S7PT,Soft regulation of women on boards: Evidence from Canada.,Title+Year+Author
AGKPK4WN,"Are CSR and advertising complements or substitutes in spurring firm visibility? Moderating effect of board diversity, CSR committees, and financial slack",2024.0,"Karmani, M.; Kuzey, C.; Uyar, A.; Karaman, A.S.",ECLWLWAY,"Are CSR and advertising complements or substitutes in spurring firm visibility? Moderating effect of board diversity, CSR committees, and financial slack.",Title+Year+Author
EMPLFPMS,"Women on boards, CSR and risk-taking: An investigation of the interaction effects of gender diversity and CSR on business risk",2022.0,"Yarram, S.R.; Adapa, S.",MTUVRAXF,"Women on boards, CSR and risk-taking: An investigation of the interaction effects of gender diversity and CSR on business risk.",Title+Year+Author
Y97ZAHPM,Threshold effects of board gender diversity on firm performance: panel smooth transition regression model,2023.0,"Gharbi, S; Othmani, H",JZJPIV7G,Threshold effects of board gender diversity on firm performance: panel smooth transition regression model,Title+Year+Author
DY2JW4PQ,The effects of boardroom gender diversity on corporate performance: empirical evidence from a sample of European listed companies,2024.0,"Omri, N.A.-E.; Alfaleh, A.M.",Z8B5S5SN,The effects of boardroom gender diversity on corporate performance: empirical evidence from a sample of European listed companies.,Title+Year+Author
IYVLFGFA,All on board? New evidence on board gender diversity from a large panel of European firms,2020.0,"Tyrowicz, J; Terjesen, S; Mazurek, J",JM3C7YDL,All on board? New evidence on board gender diversity from a large panel of European firms,Title+Year+Author
KN2238YL,Board gender diversity and corporate social irresponsibility in a dominant owner context,2024.0,"Fleitas-Castillo, G.C.; Peña-Martel, D.; Pérez-Alemán, J.; Santana-Martín, D.J.",QFC88XS9,Board gender diversity and corporate social irresponsibility in a dominant owner context.,Title+Year+Author
PPRTTNMY,Board gender diversity and dividend policy in Australian listed firms: the effect of ownership concentration,2021.0,"Gyapong, E; Ahmed, A; Ntim, CG; Nadeem, M",PMLN85D9,Board gender diversity and dividend policy in Australian listed firms: the effect of ownership concentration,DOI
6KYN9D99,Sustainability and financial performance of transport and logistics firms: Does board gender diversity matter?,2024.0,"Shakil, M.H.; Munim, Z.H.; Zamore, S.; Tasnia, M.",9C6Q63BU,Sustainability and financial performance of transport and logistics firms: Does board gender diversity matter?,DOI
E23JVBB4,Sustainability and financial performance of transport and logistics firms: does board gender diversity matter?,2024.0,"Shakil, MH; Munim, ZH; Zamore, S; ...",9C6Q63BU,Sustainability and financial performance of transport and logistics firms: Does board gender diversity matter?,DOI
GGPKIQA9,"Board gender diversity, feminine culture, and innovation for environmental sustainability",2024.0,"Bazel-Shoham, O.; Lee, S.M.; Munjal, S.; Shoham, A.",T68LYRJB,"Board gender diversity, feminine culture, and innovation for environmental sustainability.",DOI
RYH7BDQ9,"Board gender diversity, feminine culture, and innovation for environmental sustainability",2024.0,"Bazel‐Shoham, O; Lee, SM; Munjal, S; ...",T68LYRJB,"Board gender diversity, feminine culture, and innovation for environmental sustainability.",DOI
8SIGNGTT,"How Government, Social and Personnel Support Leverage the Sustainability in Start-ups: The Moderating Role of Board Gender Diversity",2024.0,"Shivhare, S.; Shunmugasundaram, V.",I3F9EQIS,"How Government, Social and Personnel Support Leverage the Sustainability in Start-ups: The Moderating Role of Board Gender Diversity.",Title+Year+Author
A8XMZNIZ,Ethnic diversity on boards and its interaction with gender diversity: should they have any beneficial effects on HRM?,2024.0,"Li, Ji; Jiang, Wanxing; Liu, Mengli; Huang, Jun; Tao, Xiaolong",LBQUPW76,Ethnic diversity on boards and its interaction with gender diversity: should they have any beneficial effects on HRM?,Title+Year+Author
KPA47TST,Does Board Gender Diversity Influence SDGs Disclosure? Insight from Top 15 JSE-Listed Mining Companies,2024.0,"Denhere, V.",IP7B8AZB,Does Board Gender Diversity Influence SDGs Disclosure? Insight from Top 15 JSE-Listed Mining Companies.,Title+Year+Author
T6KXNIP3,The French approach to promoting gender diversity in corporate governance,2024.0,"Ferrary, M.",L6MXNPJ9,The French approach to promoting gender diversity in corporate governance.,Title+Year+Author
ALFZCYYA,"Corporate social responsibility, board gender diversity and real earnings management: The case of Jordan",2021.0,"Ghaleb, BAA; Qaderi, SA; Almashaqbeh, A; ...",5276GXV9,"Corporate social responsibility, board gender diversity and real earnings management: The case of Jordan",DOI
DWRGXVLY,Climate change innovation: does board gender diversity matter?,2023.0,"García-Sánchez, IM; Monteiro, S; ...",KQIT2WS5,Climate change innovation: Does board gender diversity matter?,Title+Year+Author
7VC7JCW7,The link of ESG performance and board gender diversity in European firms,2024.0,"Odriozola, M.D.; Blanco-González, A.; Baraibar-Diez, E.",39HRVPVI,The link of ESG performance and board gender diversity in European firms.,Title+Year+Author
JK2ANRJT,Board gender diversity and corporate social responsibility: Is there a case for critical mass?,2021.0,"Yarram, S.R.; Adapa, S.",33T86GRW,Board gender diversity and corporate social responsibility: Is there a case for critical mass?,Title+Year+Author
TIQCAPUL,Board gender diversity and corporate social responsibility: is there a case for critical mass?,2021.0,"Yarram, SR; Adapa, S",33T86GRW,Board gender diversity and corporate social responsibility: Is there a case for critical mass?,Title+Year+Author
MBP9TVNF,"Does the Cultural Dimension Influence the Relationship between Firm Value and Board Gender Diversity in Saudi Arabia, Mediated by ESG Scoring?",2023.0,"Aladwey, L.M.A.; Alsudays, R.A.",M4QMZ7TW,"Does the Cultural Dimension Influence the Relationship between Firm Value and Board Gender Diversity in Saudi Arabia, Mediated by ESG Scoring?",Title+Year+Author
CW9C88DG,The Influence of Corporate Elites on Women on Supervisory Boards: Female Directors' Inclusion in Germany,2020.0,"Huang, Jie; Diehl, Marjo-Riitta; Paterlini, Sandra",AML9VX7D,The Influence of Corporate Elites on Women on Supervisory Boards: Female Directors' Inclusion in Germany.,Title+Year+Author
73F8XE6J,The Influence of Corporate Elites on Women on Supervisory Boards: Female Directors’ Inclusion in Germany,2020.0,"Huang, J.; Diehl, M.-R.; Paterlini, S.",AML9VX7D,The Influence of Corporate Elites on Women on Supervisory Boards: Female Directors' Inclusion in Germany.,Title+Year+Author
G3ZKXVJE,The Corporate Board Glass Ceiling: The Role of Empowerment and Culture in Shaping Board Gender Diversity,2020.0,"Lewellyn, Krista B.; Muller-Kahle, Maureen I.",TCDP7WAD,The Corporate Board Glass Ceiling: The Role of Empowerment and Culture in Shaping Board Gender Diversity.,Title+Year+Author
KA6N4A4G,The Corporate Board Glass Ceiling: The Role of Empowerment and Culture in Shaping Board Gender Diversity,2020.0,"Lewellyn, Krista B.; Muller-Kahle, Maureen I.",TCDP7WAD,The Corporate Board Glass Ceiling: The Role of Empowerment and Culture in Shaping Board Gender Diversity.,Title+Year+Author
8Y2I3REA,The Corporate Board Glass Ceiling: The Role of Empowerment and Culture in Shaping Board Gender Diversity,2020.0,"Lewellyn, K.B.; Muller-Kahle, M.I.",TCDP7WAD,The Corporate Board Glass Ceiling: The Role of Empowerment and Culture in Shaping Board Gender Diversity.,DOI
39H3LK7C,The corporate board glass ceiling: The role of empowerment and culture in shaping board gender diversity,2020.0,"Lewellyn, KB; Muller-Kahle, MI",TCDP7WAD,The Corporate Board Glass Ceiling: The Role of Empowerment and Culture in Shaping Board Gender Diversity.,DOI
8CXQS6MX,The impact of board gender diversity on capital structure: Evidence from the Ethiopian banking sector,2023.0,"Hordofa, D.F.",SBM4N3NT,The impact of board gender diversity on capital structure: Evidence from the Ethiopian banking sector.,Title+Year+Author
GHVU85SJ,Linking executive pay to ESG goals: the role of board gender diversity,2024.0,"Le, T.D.; Ngo, J.T.D.",K3LENMSA,Linking executive pay to ESG goals: the role of board gender diversity.,Title+Year+Author
Y4XUSMY5,A better start: board diversity matters in assessing stock price crash risk,2024.0,"Cho, K.; Cho, J.; Bian, Y.",EMYF4578,A better start: board diversity matters in assessing stock price crash risk.,Title+Year+Author
9EUDJ9AU,Boardroom gender diversity reforms and institutional monitoring: global evidence,2024.0,"Fauver, L.; Hung, M.; Taboada, A.G.; Wang, E.J.",DP7AEIUT,Boardroom gender diversity reforms and institutional monitoring: global evidence.,Title+Year+Author
6YSFTZQN,"Board gender diversity, environmental innovation and corporate carbon emissions",2022.0,"Konadu, R; Ahinful, GS; Boakye, DJ; ...",WU65GU3S,"Board gender diversity, environmental innovation and corporate carbon emissions",Title+Year+Author
MRGXV3YP,Board gender diversity and responsible banking during the COVID-19 pandemic,2022.0,"Kara, A.; Nanteza, A.; Ozkan, A.; Yildiz, Y.",FCD42ZIJ,Board gender diversity and responsible banking during the COVID-19 pandemic.,Title+Year+Author
B7NXUYBL,Board gender diversity and responsible banking during the COVID-19 pandemic,2022.0,"Kara, A; Nanteza, A; Ozkan, A; Yildiz, Y",FCD42ZIJ,Board gender diversity and responsible banking during the COVID-19 pandemic.,Title+Year+Author
LCUVLYF2,Gender attitudes and the effect of board gender diversity on corporate environmental responsibility,2021.0,"Wang, Y.; Wilson, C.; Li, Y.",JTM3SQNA,Gender attitudes and the effect of board gender diversity on corporate environmental responsibility.,Title+Year+Author
JQ8ZUHVX,Gender attitudes and the effect of board gender diversity on corporate environmental responsibility,2021.0,"Wang, Y; Wilson, C; Li, Y",JTM3SQNA,Gender attitudes and the effect of board gender diversity on corporate environmental responsibility.,Title+Year+Author
AII4RZT7,Board Gender Diversity and Firm Performance: An Analysis of the Causal Relationship in Spanish Listed Companies,2024.0,"García-López, M.-J.; Pacheco-Olivares, M.R.; Hamoudi, H.",EDZDA4FT,Board Gender Diversity and Firm Performance: An Analysis of the Causal Relationship in Spanish Listed Companies.,Title+Year+Author
CL2ULEU9,Board gender diversity and corporate cash holdings: evidence from Australia,2024.0,"Ahmed, A.; Hussain, A.",NLH5HE77,Board gender diversity and corporate cash holdings: evidence from Australia.,Title+Year+Author
H36PUZXK,"Gender bias, board diversity, and firm value: Evidence from a natural experiment",2023.0,"Lawrence, E.R.; Raithatha, M.",6I23QQGN,"Gender bias, board diversity, and firm value: Evidence from a natural experiment.",Title+Year+Author
L22WMCMJ,Board gender diversity and investment inefficiency,2023.0,"Yu, C.",425IEC3I,Board gender diversity and investment inefficiency.,Title+Year+Author
ACS36HVK,The effect of earnings management on shareholder value and the role of board gender diversity: Evidence from terrorism,2020.0,"Ongsakul, V.; Jiraporn, P.; Kim, Y.S.",MRA7NC4E,The effect of earnings management on shareholder value and the role of board gender diversity: Evidence from terrorism.,Title+Year+Author
F6Z26TKY,Seen and not heard: A comparative case study of women on boards and process loss beyond critical mass,2024.0,"Tilbury, L.; Sealy, R.",68PPBC2L,Seen and not heard: A comparative case study of women on boards and process loss beyond critical mass.,Title+Year+Author
WU87LHQD,Realizing Gender Diversity on Corporate Boards,2023.0,"Kang, W.; Ashton, J.K.; Orujov, A.; Wang, Y.",X2GLM8YI,Realizing Gender Diversity on Corporate Boards.,Title+Year+Author
7E39ND7S,Do board subcommittees boost European firm value? The moderating role of gender diversity on boards,2022.0,"Grau, A.; Bel, I.",EFXPHRLN,Do board subcommittees boost European firm value? The moderating role of gender diversity on boards.,Title+Year+Author
UDK2Z34S,Board diversity and corporate social responsibility: the moderating role of Shariah compliance,2019.0,"Azam, M.; Khalid, M.U.; Zia, S.Z.",MWUSUZCQ,Board diversity and corporate social responsibility: the moderating role of Shariah compliance.,Title+Year+Author
NYD78K39,Resistance to Change in the Corporate Elite: Female Directors’ Appointments onto Nordic Boards,2017.0,"Gregorič, A.; Oxelheim, L.; Randøy, T.; Thomsen, S.",772MGXVX,Resistance to Change in the Corporate Elite: Female Directors' Appointments onto Nordic Boards,Title+Year+Author
NIUG3INJ,"A bibliometric analysis of board diversity: Current status, development, and future research directions",2020.0,"Kent Baker, H.; Pandey, N.; Kumar, S.; Haldar, A.",NCGMVMAY,"A bibliometric analysis of board diversity: Current status, development, and future research directions.",Title+Year+Author
9UAEV6LG,"Board independence, gender diversity and CEO compensation",2017.0,"Benkraiem, R.; Hamrouni, A.; Lakhal, F.; Toumi, N.",LI6WABKL,"Board independence, gender diversity and CEO compensation.",Title+Year+Author
QF8CLBBL,"Board independence, gender diversity and CEO compensation",2017.0,"Benkraiem, R; Hamrouni, A; Lakhal, F; ...",LI6WABKL,"Board independence, gender diversity and CEO compensation.",Title+Year+Author
LJXQKFXP,"Gender diversity, corporate governance and firm behavior: The challenge of emotional management",2018.0,"Báez, AB; Báez-García, AJ; Flores-Muñoz, F; ...",DEH6V8X8,"Gender diversity, corporate governance and firm behavior: The challenge of emotional management",Title+Year+Author
R4V8GT8K,Entrepreneurial orientation and network board diversity in network organizations,2014.0,"Wincent, J.; Thorgren, S.; Anokhin, S.",H2KXGVBK,Entrepreneurial orientation and network board diversity in network organizations.,Title+Year+Author
IWM5B4AG,Board gender diversity and US corporate bonds,2019.0,"Oyotode-Adebile, R.M.; Raja, Z.A.",LITCRMIA,Board gender diversity and US corporate bonds.,Title+Year+Author
9PEQ64CJ,Board Gender Diversity in the STEM&F Sectors: The Critical Mass Required to Drive Firm Performance,2018.0,"Wiley, C.; Monllor-Tormos, M.",KW5I2KQR,Board Gender Diversity in the STEM&F Sectors: The Critical Mass Required to Drive Firm Performance.,DOI
G779L3PV,Board gender diversity in the STEM&F sectors: the critical mass required to drive firm performance,2018.0,"Wiley, C; Monllor-Tormos, M",KW5I2KQR,Board Gender Diversity in the STEM&F Sectors: The Critical Mass Required to Drive Firm Performance.,DOI
8MSUDM2T,"Board gender diversity, critical masses, and organizational problems of non-profit sport clubs",2022.0,"Wicker, P; Feiler, S; Breuer, C",LNGNZAWI,"Board gender diversity, critical masses, and organizational problems of non-profit sport clubs",DOI
YIW8LKFA,Interlocking directorships and firm performance in highly regulated sectors: The moderating impact of board diversity,2014.0,"Kaczmarek, S.; Kimino, S.; Pye, A.",LLLEHKUH,Interlocking directorships and firm performance in highly regulated sectors: the moderating impact of board diversity.,DOI
FUS6ANBU,Interlocking directorships and firm performance in highly regulated sectors: the moderating impact of board diversity,2014.0,"Kaczmarek, S; Kimino, S; Pye, A",LLLEHKUH,Interlocking directorships and firm performance in highly regulated sectors: the moderating impact of board diversity.,DOI
AZ9VYBE6,Gender Diversity in the Boardroom and Firm Financial Performance,2008.0,"Campbell, Kevin; Mínguez-Vera, Antonio",93XBHE9J,Gender Diversity in the Boardroom and Firm Financial Performance.,Title+Year+Author
BPRG2RVY,Gender diversity in the boardroom and firm financial performance,2008.0,"Campbell, K.; Mínguez-Vera, A.",93XBHE9J,Gender Diversity in the Boardroom and Firm Financial Performance.,Title+Year+Author
FYI9QYLV,"Corporate diversification, board diversity and stock-price crash risk: Evidence from publicly listed firms in Malaysia",2019.0,"Lee, K.-T.; Ooi, C.-A.; Hooy, C.-W.",W24SCZVF,"Corporate Diversification, Board Diversity and Stock-price Crash Risk: Evidence from Publicly Listed Firms in Malaysia.",Title+Year+Author
LNNREQRF,Does board gender diversity affect the transparency of corporate political disclosure?,2018.0,"DeBoskey, D.G.; Luo, Y.; Wang, J.",YZNI7379,Does board gender diversity affect the transparency of corporate political disclosure?,Title+Year+Author
S48TSLY6,Gender Diversity in the Boardroom and Risk Management: A Case of R&D Investment,2016.0,"Chen, S.; Ni, X.; Tong, J.Y.",ZV3W4XDJ,Gender Diversity in the Boardroom and Risk Management: A Case of R&D Investment,Title+Year+Author
P47FW9KB,How board diversity affects firm performance in emerging markets: Evidence on channels in controlled firms,2015.0,"Ararat, M.; Aksu, M.; Tansel Cetin, A.",86BPEC6K,How Board Diversity Affects Firm Performance in Emerging Markets: Evidence on Channels in Controlled Firms.,Title+Year+Author
K58QXVT7,Board gender diversity and corporate environmental performance: The moderating role of family and dual-class majority ownership structures,2020.0,"Cordeiro, J.J.; Profumo, G.; Tutore, I.",H6RVGC3L,Board gender diversity and corporate environmental performance: The moderating role of family and dual‐class majority ownership structures.,DOI
YQX3YNYR,Board gender diversity and corporate environmental performance: The moderating role of family and dual‐class majority ownership structures,2020.0,"Cordeiro, JJ; Profumo, G; Tutore, I",H6RVGC3L,Board gender diversity and corporate environmental performance: The moderating role of family and dual‐class majority ownership structures.,DOI
HUVQ7QUW,Social capital as a new board diversity rationale for enhanced corporate governance,2018.0,"Booth-Bell, D.",PV57ECAS,Social capital as a new board diversity rationale for enhanced corporate governance.,Title+Year+Author
N9RBYKZ7,Board Diversity and Corporate Social Responsibility,2015.0,"Harjoto, Maretno; Laksmana, Indrarini; Lee, Robert",ZKY75IU3,Board Diversity and Corporate Social Responsibility,Title+Year+Author
7JP9GYDQ,Board Diversity and Corporate Social Responsibility,2015.0,"Harjoto, M.; Laksmana, I.; Lee, R.",ZKY75IU3,Board Diversity and Corporate Social Responsibility,Title+Year+Author
KQAVU857,Boardroom gender diversity: Implications for corporate sustainability disclosures in Malaysia,2020.0,"Zahid, M.; Rahman, H.U.; Ali, W.; Khan, M.; Alharthi, M.; Imran Qureshi, M.; Jan, A.",KWVFFZZ8,Boardroom gender diversity: Implications for corporate sustainability disclosures in Malaysia.,Title+Year+Author
SEUKZATE,Board Diversity and Firm Performance: The Role of Contextual Variables,2023.0,"Pandey, N.; Baker, H.K.; Kumar, S.; Gupta, P.; Ali, S.",NV5FG58I,Board Diversity and Firm Performance: The Role of Contextual Variables.,Title+Year+Author
E5JY6JHX,"Board gender diversity, efficiency and risk-taking behavior: Empirical evidence from insurance firms in Kenya",2023.0,"Nduati Kariuki, S.",864ZQV94,"Board gender diversity, efficiency and risk-taking behavior: Empirical evidence from insurance firms in Kenya.",Title+Year+Author
SJJQ8R26,"Independent board, gender diversity and bank performance in Nigeria: a system-GMM approach",2021.0,"Okoyeuzu, C; Ujunwa, A; Ujunwa, AI; ...",THA65PHX,"Independent board, gender diversity and bank performance in Nigeria: a system-GMM approach",Title+Year+Author
W47SH7J2,Board gender diversity and social disclosures: some empirical evidence from Indian companies,2024.0,"Arora, A.; Singh, K.",P8I6I8GW,Board gender diversity and social disclosures: some empirical evidence from Indian companies.,Title+Year+Author
WTN9JZZK,Women on boards and ESG performance: empirical evidence before and during the COVID-19 pandemic in Indonesia and Malaysia,2024.0,"Agustina, R.P.; Barokah, Z.",9G9TGZPU,Women on boards and ESG performance: empirical evidence before and during the COVID-19 pandemic in Indonesia and Malaysia.,Title+Year+Author
GFWJVR6I,Board Age and Gender Diversity: A Test of Competing Linear and Curvilinear Predictions,2014.0,"Ali, Muhammad; Ng, Yin Lu; Kulik, Carol T.",W9A5AUUN,Board Age and Gender Diversity: A Test of Competing Linear and Curvilinear Predictions,Title+Year+Author
SFKYX5C7,Board Age and Gender Diversity: A Test of Competing Linear and Curvilinear Predictions,2014.0,"Ali, M.; Ng, Y.L.; Kulik, C.T.",W9A5AUUN,Board Age and Gender Diversity: A Test of Competing Linear and Curvilinear Predictions,Title+Year+Author
9L2BMJ5A,"Board diversity, firm risk, and corporate policies",2018.0,"Bernile, G.; Bhagwat, V.; Yonker, S.",P5QB49XZ,"Board diversity, firm risk, and corporate policies.",Title+Year+Author
MHIXJPGQ,Does board gender diversity increase dividend payouts? Analysis of global evidence,2019.0,"Ye, D.; Deng, J.; Liu, Y.; Szewczyk, S.H.; Chen, X.",VHMT7B75,Does board gender diversity increase dividend payouts? Analysis of global evidence.,Title+Year+Author
GIN7QPYK,Does board gender diversity increase dividend payouts? Analysis of global evidence,2019.0,"Ye, D; Deng, J; Liu, Y; Szewczyk, SH; Chen, X",VHMT7B75,Does board gender diversity increase dividend payouts? Analysis of global evidence.,Title+Year+Author
ERB95S6Y,"Board Gender Diversity, Investor Protection, and Private Information-Based Trading",2019.0,"Lye, C.-T.; Khong, J.-S.; Hooy, C.-W.",GIFRCF5B,"Board Gender Diversity, Investor Protection, and Private Information-Based Trading.",Title+Year+Author
YQYGRN42,To Regulate Or Not To Regulate? Early Evidence on the Means Used Around the World to Promote Gender Diversity in the Boardroom,2015.0,"Labelle, R.; Francoeur, C.; Lakhal, F.",WA2768LZ,To Regulate Or Not To Regulate? Early Evidence on the Means Used Around the World to Promote Gender Diversity in the Boardroom.,Title+Year+Author
EHRM6S5K,Gender Diversity on European Banks' Boards of Directors,2012.0,"de Cabo, R.M.; Gimeno, R.; Nieto, M.J.",JCDT33XL,Gender Diversity on European Banks' Boards of Directors,DOI
WLAC3RF3,Gender diversity on European banks' boards of directors,2012.0,"Cabo, R Mateos de; Gimeno, R; Nieto, MJ",JCDT33XL,Gender Diversity on European Banks' Boards of Directors,DOI
PSNHAMR7,The effect of corporate board diversity: Real earnings management among Malaysian listed firms,2019.0,"Ghazali, A.W.; Nurullah, M.; Ibrahim, S.; Sanusi, Z.M.; Mohame, N.",JRP6FYAH,The Effect of Corporate Board Diversity: Real Earnings Management among Malaysian Listed Firms.,Title+Year+Author
2U5HBX64,Women on boards: Do they affect sustainability reporting?,2014.0,"Fernandez-Feijoo, B.; Romero, S.; Ruiz-Blanco, S.",E6MN7L3V,Women on Boards: Do They Affect Sustainability Reporting?,Title+Year+Author
GVAQIQ9T,"Board Gender Diversity, Auditor Fees, and Auditor Choice",2017.0,"Lai, K.M.Y.; Srinidhi, B.; Gul, F.A.; Tsui, J.S.L.",NR9H5EB4,"Board Gender Diversity, Auditor Fees, and Auditor Choice.",DOI
TL4X3ZUL,"Board gender diversity, auditor fees, and auditor choice",2017.0,"Lai, KMY; Srinidhi, B; Gul, FA; ...",NR9H5EB4,"Board Gender Diversity, Auditor Fees, and Auditor Choice.",DOI
ZTKMC4I4,Board Diversity and Employee Satisfaction: The Mediating Role of Progressive Programs,2019.0,"Creek, S.A.; Kuhn, K.M.; Sahaym, A.",YPVHAXXJ,Board Diversity and Employee Satisfaction: The Mediating Role of Progressive Programs.,Title+Year+Author
48SLTNZ7,Board diversity and organizational valuation: unravelling the effects of ethnicity and gender,2015.0,"Ntim, C.G.",JH93L8SA,Board diversity and organizational valuation: unravelling the effects of ethnicity and gender.,Title+Year+Author
552XGYVL,Board diversity and earnings news dissemination on Twitter in the UK,2019.0,"Ayman, A.; El-Helaly, M.; Shehata, N.",3NY9TDVD,Board diversity and earnings news dissemination on Twitter in the UK.,Title+Year+Author
G5NFTIXL,"Board gender diversity, corporate governance and bank efficiency in Ghana: a two stage data envelope analysis (DEA) approach",2019.0,"Adeabah, D.; Gyeke-Dako, A.; Andoh, C.",VQCGC4BW,"Board gender diversity, corporate governance and bank efficiency in Ghana: a two stage data envelope analysis (DEA) approach.",Title+Year+Author
8EPIIYLS,"Board gender diversity, corporate governance and bank efficiency in Ghana: a two stage data envelope analysis (DEA) approach",2019.0,"Adeabah, D; Gyeke-Dako, A; Andoh, C",VQCGC4BW,"Board gender diversity, corporate governance and bank efficiency in Ghana: a two stage data envelope analysis (DEA) approach.",Title+Year+Author
WDAGBP2U,Board diversity and corporate risk: evidence from China,2020.0,"Bhat, K.U.; Chen, Y.; Jebran, K.; Memon, Z.A.",GJX92V4T,Board diversity and corporate risk: evidence from China.,Title+Year+Author
N2C7FPPT,Board diversity and corporate risk: evidence from China,2020.0,"Bhat, KU; Chen, Y; Jebran, K; Memon, ZA",GJX92V4T,Board diversity and corporate risk: evidence from China.,Title+Year+Author
6FHS7VIU,Board gender diversity and firm performance: evidence from India.,2016.0,"Sanan, Neeti",3ZX862EH,Board gender diversity and firm performance: evidence from India,Title+Year+Author
ATR3TEWM,Board gender diversity and firm performance: evidence from India,2016.0,"Sanan, NK",3ZX862EH,Board gender diversity and firm performance: evidence from India,DOI
HN2KETSZ,Does Confucianism Reduce Board Gender Diversity? Firm-Level Evidence from China,2016.0,"Du, Xingqiang",QRQ9FZ9M,Does Confucianism Reduce Board Gender Diversity? Firm-Level Evidence from China,Title+Year+Author
I9YJYYET,Does Confucianism Reduce Board Gender Diversity? Firm-Level Evidence from China,2016.0,"Du, X.",QRQ9FZ9M,Does Confucianism Reduce Board Gender Diversity? Firm-Level Evidence from China,DOI
FDRZZJSN,Does Confucianism reduce board gender diversity? Firm-level evidence from China,2016.0,"Du, X",QRQ9FZ9M,Does Confucianism Reduce Board Gender Diversity? Firm-Level Evidence from China,DOI
A9ZN6ZD3,Firm-level determinants of gender diversity in the boardrooms: Evidence from some emerging markets,2016.0,"Saeed, A.; Belghitar, Y.; Yousaf, A.",9PYB7MC7,Firm-level determinants of gender diversity in the boardrooms: Evidence from some emerging markets.,Title+Year+Author
CXYEC2SH,The Impact of Board Diversity and Gender Composition on Corporate Social Responsibility and Firm Reputation,2010.0,"Bear, Stephen; Rahman, Noushi; Post, Corinne",M7ZHV35P,The Impact of Board Diversity and Gender Composition on Corporate Social Responsibility and Firm Reputation.,Title+Year+Author
EKEL3TGT,The Impact of Board Diversity and Gender Composition on Corporate Social Responsibility and Firm Reputation,2010.0,"Bear, Stephen; Rahman, Noushi; Post, Corinne",M7ZHV35P,The Impact of Board Diversity and Gender Composition on Corporate Social Responsibility and Firm Reputation.,Title+Year+Author
X7NDVXFG,The Impact of Board Diversity and Gender Composition on Corporate Social Responsibility and Firm Reputation,2010.0,"Bear, S.; Rahman, N.; Post, C.",M7ZHV35P,The Impact of Board Diversity and Gender Composition on Corporate Social Responsibility and Firm Reputation.,Title+Year+Author
PIDUEZ64,Firm performance and boardroom gender diversity: A quantile regression approach,2017.0,"Conyon, M.J.; He, L.",SWME58SM,Firm performance and boardroom gender diversity: A quantile regression approach.,Title+Year+Author
INM9Z9TR,Does board gender diversity improve the informativeness of stock prices?,2011.0,"Gul, F.A.; Srinidhi, B.; Ng, A.C.",MDWC8KQD,Does board gender diversity improve the informativeness of stock prices?,Title+Year+Author
V4DIILIH,Does board gender diversity improve the informativeness of stock prices?,2011.0,"Gul, FA; Srinidhi, B; Ng, AC",MDWC8KQD,Does board gender diversity improve the informativeness of stock prices?,Title+Year+Author
7XTDBBFD,"Ownership structure, board gender diversity and charitable donation",2018.0,"Lin, T.-L.; Liu, H.-Y.; Huang, C.-J.; Chen, Y.-C.",6XH8SKYA,"Ownership structure, board gender diversity and charitable donation.",Title+Year+Author
BRJVJIUF,"Ownership structure, board gender diversity and charitable donation",2018.0,"Lin, TL; Liu, HY; Huang, CJ; Chen, YC",6XH8SKYA,"Ownership structure, board gender diversity and charitable donation.",Title+Year+Author
U5ZXR9LL,Boardroom gender diversity and intellectual capital efficiency: evidence from China,2017.0,"Nadeem, M.; De Silva, T.-A.; Gan, C.; Zaman, R.",AZHXN622,Boardroom gender diversity and intellectual capital efficiency: evidence from China.,Title+Year+Author
J9J3TDVJ,"Contextualizing comprehensive board diversity and firm financial performance: Integrating market, management and shareholder's perspective.",2018.0,"HASSAN, ROHAIL; MARIMUTHU, MARAN",UXXHMDJP,"Contextualizing comprehensive board diversity and firm financial performance: Integrating market, management and shareholder's perspective",Title+Year+Author
7C2CZ9U2,Gender Diversity on Boards and Firms’ Environmental Policy,2017.0,"Li, J.; Zhao, F.; Chen, S.; Jiang, W.; Liu, T.; Shi, S.",D9ATIKSH,Gender Diversity on Boards and Firms' Environmental Policy.,Title+Year+Author
6D6QJSHM,Gender diversity and board performance: Women's experiences and perspectives,2015.0,"Kakabadse, N.K.; Figueira, C.; Nicolopoulou, K.; Hong Yang, J.; Kakabadse, A.P.; Özbilgin, M.F.",D6ZKCCS5,Gender Diversity and Board Performance: Women's Experiences and Perspectives.,DOI
H44TLDRZ,Gender diversity and board performance: Women's experiences and perspectives,2015.0,"Kakabadse, NK; Figueira, C; ...",D6ZKCCS5,Gender Diversity and Board Performance: Women's Experiences and Perspectives.,DOI
3SV9ZHN6,"Board gender diversity and transparency of environmental, social and governance disclosure: Evidence from Malaysia",2020.0,"Wasiuzzaman, S.; Wan Mohammad, W.M.",MQLS42QK,"Board gender diversity and transparency of environmental, social and governance disclosure: Evidence from Malaysia.",DOI
KSJ4MEKA,"Board gender diversity and transparency of environmental, social and governance disclosure: Evidence from Malaysia",2020.0,"Wasiuzzaman, S; ...",MQLS42QK,"Board gender diversity and transparency of environmental, social and governance disclosure: Evidence from Malaysia.",DOI
UYYM697Z,"The double-edged nature of board gender diversity: Diversity, firm performance, and the power of women directors as predictors of strategic change",2014.0,"Triana, MC; Miller, TL; ...",7PIT46IU,"The double-edged nature of board gender diversity: Diversity, firm performance, and the power of women directors as predictors of strategic change",DOI
BQ2DQ2YF,Firm size and board diversity,2014.0,"Arnegger, M.; Hofmann, C.; Pull, K.; Vetter, K.",HB6B4JIR,Firm size and board diversity.,Title+Year+Author
KLQR3QTX,"Audit committee characteristics, board diversity, and fraudulent financial reporting in Malaysia",2019.0,"Marzuki, M.M.; Haji-Abdullah, N.M.; Othman, R.; Wahab, E.A.A.; Harymawan, I.",9VHQPZH8,"AUDIT COMMITTEE CHARACTERISTICS, BOARD DIVERSITY, AND FRAUDULENT FINANCIAL REPORTING IN MALAYSIA.",Title+Year+Author
KL6R6ME2,Gender diversity on U.S. corporate boards: Are we running in place?,2017.0,"Tinsley, C.H.; Wade, J.B.; Main, B.G.M.; O'reilly, C.A.",VKPWY6FD,GENDER DIVERSITY ON U.S. CORPORATE BOARDS: ARE WE RUNNING IN PLACE?,Title+Year+Author
QL4RCMJS,"Gender diversity, board independence, environmental committee and greenhouse gas disclosure",2015.0,"Liao, L.; Luo, L.; Tang, Q.",SUXU95KC,"Gender diversity, board independence, environmental committee and greenhouse gas disclosure.",Title+Year+Author
922KBXAD,"Gender diversity, board independence, environmental committee and greenhouse gas disclosure",2015.0,"Liao, L; Luo, L; Tang, Q",SUXU95KC,"Gender diversity, board independence, environmental committee and greenhouse gas disclosure.",Title+Year+Author
UNTT7YEZ,When do investors value board gender diversity?,2019.0,"Groening, C.",QZX6X5T9,When do investors value board gender diversity?,Title+Year+Author
TEEDRCXV,When do investors value board gender diversity?,2019.0,"Groening, C",QZX6X5T9,When do investors value board gender diversity?,Title+Year+Author
5PKY56I7,Women on board: Does boardroom gender diversity affect firm risk?,2016.0,"Sila, V.; Gonzalez, A.; Hagendorff, J.",SWEZAWWI,Women on board: Does boardroom gender diversity affect firm risk?,Title+Year+Author
MUI64KAH,The impact of board diversity and expertise on nonprofit performance,2014.0,"Harris, E.E.",FBDFPUS5,The Impact of Board Diversity and Expertise on Nonprofit Performance.,Title+Year+Author
FTYJ3VDG,"Women on boards, sustainability reporting and firm performance",2016.0,"Arayssi, M.; Dah, M.; Jizi, M.",LUBXHBG6,"Women on boards, sustainability reporting and firm performance.",Title+Year+Author
VIWVMH2B,Impact of board gender diversity on dividend payments: Evidence from some emerging economies,2017.0,"Saeed, A.; Sameer, M.",PY9NCD69,Impact of board gender diversity on dividend payments: Evidence from some emerging economies.,Title+Year+Author
A88IM3RS,Impact of board gender diversity on dividend payments: Evidence from some emerging economies,2017.0,"Saeed, A; Sameer, M",PY9NCD69,Impact of board gender diversity on dividend payments: Evidence from some emerging economies.,Title+Year+Author
RI6JL3MG,"Does board diversity really matter? gender does not, but citizenship does",2013.0,"Rose, C.; Munch-Madsen, P.; Funch, M.",HXHIJ8PZ,"Does Board Diversity Really Matter? Gender does not, but citizenship does.",Title+Year+Author
YW6N4ZYU,Do female directors on corporate boards make a difference in family owned businesses?,2020.0,"Magnanelli, B.S.; Nasta, L.; Raoli, E.",PVU62QEN,Do Female Directors on Corporate Boards Make a Difference in Family Owned Businesses?,Title+Year+Author
ED5BJ7E6,Corporate governance and risk taking: the role of board gender diversity,2019.0,"Abou-El-Sood, H.",5FA72HJF,Corporate governance and risk taking: the role of board gender diversity.,Title+Year+Author
79UBIGYC,Corporate governance and risk taking: the role of board gender diversity,2019.0,"Abou-El-Sood, H",5FA72HJF,Corporate governance and risk taking: the role of board gender diversity.,Title+Year+Author
7F3IZ2YX,Board diversity: Beginning to unpeel the onion,2015.0,"Hillman, A.J.",XKB8HH46,Board Diversity: Beginning to Unpeel the Onion.,Title+Year+Author
3UV8ESSW,Beyond tokenism: How strategic leaders influence more meaningful gender diversity on boards of directors.,2019.0,"Guldiken, Orhun; Mallon, Mark R.; Fainshmidt, Stav; Judge, William Q.; Clark, Cynthia E.",5E86XLWF,Beyond tokenism: How strategic leaders influence more meaningful gender diversity on boards of directors,Title+Year+Author
LVWJSIZM,"Board gender diversity, corporate governance, and earnings management: Evidence from an emerging market",2020.0,"Orazalin, N",KDU39D8M,"Board gender diversity, corporate governance, and earnings management: Evidence from an emerging market",Title+Year+Author
S6P83L8U,Environmental strategy in the global banking industry within the varieties of capitalism approach: The moderating role of gender diversity and board members with specific skills,2020.0,"Gallego-Álvarez, I.; Pucheta-Martínez, M.C.",Y2VQ5CBS,Environmental strategy in the global banking industry within the varieties of capitalism approach: The moderating role of gender diversity and board members with specific skills.,Title+Year+Author
9KVHEYBB,Board gender diversity and ESG disclosure: evidence from the USA,2018.0,"Manita, R.; Bruna, M.G.; Dang, R.; Houanti, L.",JUUMEN24,Board gender diversity and ESG disclosure: evidence from the USA.,Title+Year+Author
NK2XUU96,Board gender diversity and ESG disclosure: evidence from the USA,2018.0,"Manita, R; Bruna, MG; Dang, R; ...",JUUMEN24,Board gender diversity and ESG disclosure: evidence from the USA.,Title+Year+Author
499BXM86,Board diversity and firm performance: The role of business group affiliation,2019.0,"Aggarwal, R.; Jindal, V.; Seth, R.",DI6PX9JU,Board diversity and firm performance: The role of business group affiliation.,Title+Year+Author
P2UYAQEB,DOES HAVING WOMEN ON BOARDS CREATE VALUE? THE IMPACT OF SOCIETAL PERCEPTIONS AND CORPORATE GOVERNANCE IN EMERGING MARKETS,2016.0,"ABDULLAH, SHAMSUL N.; ISMAIL, KU NOR IZAH KU; NACHUM, LILAC",8JA733H6,DOES HAVING WOMEN ON BOARDS CREATE VALUE? THE IMPACT OF SOCIETAL PERCEPTIONS AND CORPORATE GOVERNANCE IN EMERGING MARKETS.,Title+Year+Author
H2ZJLLYY,Does having women on boards create value? the impact of societal perceptions and corporate governance in emerging markets,2016.0,"Abdullah, S.N.; Ismail, K.N.I.K.; Nachum, L.",8JA733H6,DOES HAVING WOMEN ON BOARDS CREATE VALUE? THE IMPACT OF SOCIETAL PERCEPTIONS AND CORPORATE GOVERNANCE IN EMERGING MARKETS.,Title+Year+Author
YBZXQKZK,Can board gender diversity promote corporate social performance?,2017.0,"Kyaw, K.; Olugbode, M.; Petracci, B.",GSSC644P,Can board gender diversity promote corporate social performance?,Title+Year+Author
FGFR8L38,Can board gender diversity promote corporate social performance?,2017.0,"Kyaw, K; Olugbode, M; Petracci, B",GSSC644P,Can board gender diversity promote corporate social performance?,Title+Year+Author
LBGS9Y4N,Do Board Gender Diversity and Director Typology Impact CSR Reporting?,2018.0,"Cabeza-García, L.; Fernández-Gago, R.; Nieto, M.",S7TLMBHW,Do Board Gender Diversity and Director Typology Impact CSR Reporting?,DOI
ZG8WHXUL,Do board gender diversity and director typology impact CSR reporting?,2018.0,"Cabeza‐García, L; Fernández‐Gago, R; ...",S7TLMBHW,Do Board Gender Diversity and Director Typology Impact CSR Reporting?,DOI
7C5IL69V,Can board diversity and choice of auditor enhance profitability?,2018.0,"Ferraz, D.P.; Lopes, I.T.; Kopliku, A.",YP3IGUAR,Can board diversity and choice of auditor enhance profitability?,Title+Year+Author
CQQQQTM8,Board Gender Diversity and Corporate Response to Sustainability Initiatives: Evidence from the Carbon Disclosure Project,2017.0,"Ben-Amar, Walid; Chang, Millicent; McIlkenny, Philip",4FURM6UT,Board Gender Diversity and Corporate Response to Sustainability Initiatives: Evidence from the Carbon Disclosure Project,Title+Year+Author
SULUQVBQ,Board Gender Diversity and Corporate Response to Sustainability Initiatives: Evidence from the Carbon Disclosure Project,2017.0,"Ben-Amar, W.; Chang, M.; McIlkenny, P.",4FURM6UT,Board Gender Diversity and Corporate Response to Sustainability Initiatives: Evidence from the Carbon Disclosure Project,DOI
SNLLIBFW,Board gender diversity and corporate response to sustainability initiatives: Evidence from the carbon disclosure project,2017.0,"Ben-Amar, W; Chang, M; McIlkenny, P",4FURM6UT,Board Gender Diversity and Corporate Response to Sustainability Initiatives: Evidence from the Carbon Disclosure Project,DOI
8SUPLBFR,The contribution of women on boards of directors: Going beyond the surface,2010.0,"Nielsen, S.; Huse, M.",I3QRWAZ2,The Contribution of Women on Boards of Directors: Going beyond the Surface.,Title+Year+Author
8QX5SLTX,Gender diversity in the Italian boardroom and firm financial performance,2017.0,"Gordini, N.; Rancati, E.",K8G9249X,Gender diversity in the Italian boardroom and firm financial performance.,Title+Year+Author
M3U2D3CS,Corporate board diversity and firm performance: Evidence from Nigeria,2012.0,"Ujunwa, A.; Nwakoby, I.; Ugbam, C.O.",B8QU7XXP,Corporate Board Diversity and Firm Performance: Evidence from Nigeria.,Title+Year+Author
F67IF4IK,Board diversity and stakeholder management: the moderating impact of boards’ learning environment,2019.0,"Fernandez, W.D.; Thams, Y.",629BENKA,Board diversity and stakeholder management: the moderating impact of boards' learning environment.,Title+Year+Author
3QYLYFVS,Women on boards in India: a need or tokenism?,2018.0,"Srivastava, V.; Das, N.; Pattanayak, J.K.",KYC3AALC,Women on boards in India: a need or tokenism?,Title+Year+Author
E33I9R33,Gender diversity influence on board effectiveness and business performance,2020.0,"Martinez-Jimenez, R.; Hernández-Ortiz, M.J.; Cabrera Fernández, A.I.",QFIBQ563,Gender diversity influence on board effectiveness and business performance.,Title+Year+Author
C3RDATLA,Gender diversity influence on board effectiveness and business performance,2020.0,"Martinez-Jimenez, R; Hernández-Ortiz, MJ; ...",QFIBQ563,Gender diversity influence on board effectiveness and business performance.,Title+Year+Author
NY5QZ4I3,Empowering Women: The Role of Emancipative Forces in Board Gender Diversity,2019.0,"Brieger, Steven A.; Francoeur, Claude; Welzel, Christian; Ben-Amar, Walid",6JRHJHYX,Empowering Women: The Role of Emancipative Forces in Board Gender Diversity,Title+Year+Author
XYRAWUN7,Empowering Women: The Role of Emancipative Forces in Board Gender Diversity,2019.0,"Brieger, S.A.; Francoeur, C.; Welzel, C.; Ben-Amar, W.",6JRHJHYX,Empowering Women: The Role of Emancipative Forces in Board Gender Diversity,DOI
A95FSNZE,Empowering women: The role of emancipative forces in board gender diversity,2019.0,"Brieger, SA; Francoeur, C; Welzel, C; ...",6JRHJHYX,Empowering Women: The Role of Emancipative Forces in Board Gender Diversity,DOI
JFEFCKLK,Does board gender diversity affect firm risk-taking? Evidence from the French stock market,2019.0,"Bruna, M.G.; Dang, R.; Scotto, M.-J.; Ammari, A.",Q5CSEIIS,Does board gender diversity affect firm risk-taking? Evidence from the French stock market.,DOI
MIAZBW3M,Does board gender diversity affect firm risk-taking? Evidence from the French stock market: MG Bruna et al.,2019.0,"Bruna, MG; Dang, R; Scotto, MJ; Ammari, A",Q5CSEIIS,Does board gender diversity affect firm risk-taking? Evidence from the French stock market.,DOI
3XLXDHVZ,The Effects and the Mechanisms of Board Gender Diversity: Evidence from Financial Manipulation,2019.0,"Wahid, Aida Sijamic",MHB6CX8A,The Effects and the Mechanisms of Board Gender Diversity: Evidence from Financial Manipulation,Title+Year+Author
VNEVW7W3,The Effects and the Mechanisms of Board Gender Diversity: Evidence from Financial Manipulation,2019.0,"Wahid, A.S.",MHB6CX8A,The Effects and the Mechanisms of Board Gender Diversity: Evidence from Financial Manipulation,DOI
9JXY8QHM,The effects and the mechanisms of board gender diversity: Evidence from financial manipulation,2019.0,"Wahid, AS",MHB6CX8A,The Effects and the Mechanisms of Board Gender Diversity: Evidence from Financial Manipulation,DOI
5EZT4PF2,Board diversity and quality of CSR disclosure: evidence from Pakistan,2019.0,"Khan, I.; Khan, I.; Senturk, I.",3MGKAI66,Board diversity and quality of CSR disclosure: evidence from Pakistan.,Title+Year+Author
LB692SAU,Women on boards: The superheroes of tomorrow?,2016.0,"Adams, R.B.",K2KCM43T,Women on boards: The superheroes of tomorrow?,Title+Year+Author
BB6DIEJM,Are Demographic Attributes and Firm Characteristics Drivers of Gender Diversity? Investigating Women's Positions on French Boards of Directors,2013.0,"Nekhili, M.; Gatfaoui, H.",X67TA9IR,Are Demographic Attributes and Firm Characteristics Drivers of Gender Diversity? Investigating Women's Positions on French Boards of Directors,Title+Year+Author
XB55UY34,The effects of board gender diversity on a firm's risk strategies,2019.0,"Chen, LH; Gramlich, J; Houser, KA",CR2HH7KW,The effects of board gender diversity on a firm's risk strategies,DOI
SBYWG3SR,Selecting Board Members: The Impact of Common Knowledge on Gender Diversity – An Experimental Investigation,2017.0,"Galia, F.; Lentz, F.; Max, S.; Sutan, A.; Zenou, E.",FTX3U9E8,Selecting Board Members: The Impact of Common Knowledge on Gender Diversity - An Experimental Investigation.,Title+Year+Author
49XRJV9T,Does board diversity matter in the disclosure process? An analysis of the association between diversity and the disclosure of information on risks,2018.0,"Bravo, F.",C662ZD32,Does board diversity matter in the disclosure process? An analysis of the association between diversity and the disclosure of information on risks.,Title+Year+Author
69N6FYE8,Board diversity and earning quality: Examining the role of internal audit as a moderator,2019.0,"Hashim, F.; Ahmed, E.R.; Huey, Y.M.",L5FZQRLJ,Board Diversity and Earning Quality: Examining the Role of Internal Audit as a Moderator.,Title+Year+Author
C338J95W,Board Diversity and Managerial Control as Predictors of Corporate Social Performance,1998.0,"Coffey, Betty S.; Wang, Jia",LBTSXS8G,Board Diversity and Managerial Control as Predictors of Corporate Social Performance.,Title+Year+Author
BDRRIFXU,Board Diversity and Managerial Control as Predictors of Corporate Social Performance,1998.0,"Coffey, Betty S.; Wang, Jia",LBTSXS8G,Board Diversity and Managerial Control as Predictors of Corporate Social Performance.,Title+Year+Author
HM5L9NY9,Board diversity and managerial control as predictors of corporate social performance,1998.0,"Coffey, B.S.; Wang, J.",LBTSXS8G,Board Diversity and Managerial Control as Predictors of Corporate Social Performance.,Title+Year+Author
DR7M9962,Executive directors' compensation and monitoring: the influence of gender diversity on Spanish boards,2016.0,"Baixauli-Soler, J.S.; Lucas-Perez, M.E.; Martin-Ugedo, J.F.; Minguez-Vera, A.; Sanchez-Marin, G.",8Y6Z9C8A,Executive directors' compensation and monitoring: the influence of gender diversity on Spanish boards.,Title+Year+Author
3EGADEE4,Comprehensive Board Diversity and Quality of Corporate Social Responsibility Disclosure: Evidence from an Emerging Market,2019.0,"Katmon, Nooraisah; Mohamad, Zam Zuriyati; Norwani, Norlia Mat; Al Farooque, Omar",U3UMVEHI,Comprehensive Board Diversity and Quality of Corporate Social Responsibility Disclosure: Evidence from an Emerging Market,Title+Year+Author
P8M8SNX3,Comprehensive Board Diversity and Quality of Corporate Social Responsibility Disclosure: Evidence from an Emerging Market,2019.0,"Katmon, N.; Mohamad, Z.Z.; Norwani, N.M.; Farooque, O.A.",U3UMVEHI,Comprehensive Board Diversity and Quality of Corporate Social Responsibility Disclosure: Evidence from an Emerging Market,Title+Year+Author
GK85L2X7,"The Influence of Board Diversity, Board Diversity Policies and Practices, and Board Inclusion Behaviors on Nonprofit Governance Practices",2016.0,"Buse, Kathleen; Bernstein, Ruth Sessler; Bilimoria, Diana",RAXZIGQS,"The Influence of Board Diversity, Board Diversity Policies and Practices, and Board Inclusion Behaviors on Nonprofit Governance Practices",Title+Year+Author
YLYG6JCC,"The Influence of Board Diversity, Board Diversity Policies and Practices, and Board Inclusion Behaviors on Nonprofit Governance Practices",2016.0,"Buse, K.; Bernstein, R.S.; Bilimoria, D.",RAXZIGQS,"The Influence of Board Diversity, Board Diversity Policies and Practices, and Board Inclusion Behaviors on Nonprofit Governance Practices",DOI
HZ44WS5X,"The influence of board diversity, board diversity policies and practices, and board inclusion behaviors on nonprofit governance practices",2016.0,"Buse, K; Bernstein, RS; Bilimoria, D",RAXZIGQS,"The Influence of Board Diversity, Board Diversity Policies and Practices, and Board Inclusion Behaviors on Nonprofit Governance Practices",DOI
3KB6QKZW,Board gender diversity and CSR reporting: Evidence from Jordan,2019.0,"Al Fadli, A.; Sands, J.; Jones, G.; Beattie, C.; Pensiero, D.",8CQBISXN,Board Gender Diversity and CSR Reporting: Evidence from Jordan.,Title+Year+Author
VZF7T664,A few good (wo)men? Gender diversity on Australian boards,2017.0,"Strydom, M.; Au Yong, H.H.; Rankin, M.",IG43CA5Q,A few good (wo)men? Gender diversity on Australian boards.,Title+Year+Author
6AQGYKZH,Increasing the Number of Women on Boards: The Role of Actors and Processes,2017.0,"Seierstad, C.; Warner-Søderholm, G.; Torchia, M.; Huse, M.",7VDCHKDN,Increasing the Number of Women on Boards: The Role of Actors and Processes,Title+Year+Author
JGGKQR4E,Board and management gender diversity and financial performance of microfinance institutions,2017.0,"Adusei, M.; Akomea, S.Y.; Poku, K.",Q6YFUBJ7,Board and management gender diversity and financial performance of microfinance institutions.,Title+Year+Author
DI2CPPID,Board diversity and ceo selection,2014.0,"Gupta, A.; Raman, K.",YSAES7ZP,BOARD DIVERSITY AND CEO SELECTION.,Title+Year+Author
S37KR3Z5,"Women on Boards: EU Board Gender Quotas, and Why the US Should Avoid Them",2018.0,"Dobson, John; Rastad, Mahdi",9TB7R85J,"Women on Boards: EU Board Gender Quotas, and Why the US Should Avoid Them.",Title+Year+Author
55SFW2FY,"Women on Boards: EU Board Gender Quotas, and Why the US Should Avoid Them",2018.0,"Dobson, John; Rastad, Mahdi",9TB7R85J,"Women on Boards: EU Board Gender Quotas, and Why the US Should Avoid Them.",Title+Year+Author
EXF8G5PE,"Women on boards: EU board gender quotas, and why the US should avoid them",2018.0,"Dobson, J.; Rastad, M.",9TB7R85J,"Women on Boards: EU Board Gender Quotas, and Why the US Should Avoid Them.",Title+Year+Author
AWJUZUW7,Impact of board diversity and audit on firm performance,2019.0,"Khan, A.W.; Abdul Subhan, Q.",A7WJXDMC,Impact of board diversity and audit on firm performance.,Title+Year+Author
J4PBDPXL,Female directors and the cost of debt: does gender diversity in the boardroom matter to lenders?,2019.0,"Usman, M.; Farooq, M.U.; Zhang, J.; Makki, M.A.M.; Khan, M.K.",BSS9DVYQ,Female directors and the cost of debt: does gender diversity in the boardroom matter to lenders?,Title+Year+Author
698UZZY3,"Board gender diversity and environmental, social, and economic value creation: Does family ownership matter?",2020.0,"Nadeem, M.; Gyapong, E.; Ahmed, A.",IVI98S7T,"Board gender diversity and environmental, social, and economic value creation: Does family ownership matter?",DOI
2WJZWP8B,"Board gender diversity and environmental, social, and economic value creation: does family ownership matter?",2020.0,"Nadeem, M; Gyapong, E; ...",IVI98S7T,"Board gender diversity and environmental, social, and economic value creation: Does family ownership matter?",DOI
YECIGDUW,Why Does Board Gender Diversity Matter and How Do We Get There? The Role of Shareholder Activism in Deinstitutionalizing Old Boys' Networks,2015.0,"Perrault, Elise",NHMMRZ96,Why Does Board Gender Diversity Matter and How Do We Get There? The Role of Shareholder Activism in Deinstitutionalizing Old Boys' Networks.,Title+Year+Author
FRJXPWXR,Why Does Board Gender Diversity Matter and How Do We Get There? The Role of Shareholder Activism in Deinstitutionalizing Old Boys' Networks,2015.0,"Perrault, Elise",NHMMRZ96,Why Does Board Gender Diversity Matter and How Do We Get There? The Role of Shareholder Activism in Deinstitutionalizing Old Boys' Networks.,Title+Year+Author
QQS4W3U2,Why Does Board Gender Diversity Matter and How Do We Get There? The Role of Shareholder Activism in Deinstitutionalizing Old Boys’ Networks,2015.0,"Perrault, E.",NHMMRZ96,Why Does Board Gender Diversity Matter and How Do We Get There? The Role of Shareholder Activism in Deinstitutionalizing Old Boys' Networks.,DOI
2WHFFVL6,Why does board gender diversity matter and how do we get there? The role of shareholder activism in deinstitutionalizing old boys' networks,2015.0,"Perrault, E",NHMMRZ96,Why Does Board Gender Diversity Matter and How Do We Get There? The Role of Shareholder Activism in Deinstitutionalizing Old Boys' Networks.,DOI
KCKFIDSU,Women on boards and firm performance,2013.0,"Lückerath-Rovers, M.",3KGNMB4G,Women on boards and firm performance.,Title+Year+Author
PZR4PKJ5,Does the presence of independent and female directors impact firm performance? A multi-country study of board diversity,2016.0,"Terjesen, S.; Couto, E.B.; Francisco, P.M.",J226WKPT,Does the presence of independent and female directors impact firm performance? A multi-country study of board diversity.,Title+Year+Author
EKQ74KWY,"Board Gender Diversity, Financial and Social Performance of Indian Firms",2016.0,"Sanan, N.K.",LY8L4MHR,"Board Gender Diversity, Financial and Social Performance of Indian Firms.",Title+Year+Author
WG4LBHNZ,"Board diversity, corporate governance, corporate performance, and executive pay",2019.0,"Sarhan, A.A.; Ntim, C.G.; Al-Najjar, B.",ZQ32QJLF,"Board diversity, corporate governance, corporate performance, and executive pay.",DOI
VWXJ5XZ6,"Board diversity, corporate governance, corporate performance, and executive pay",2019.0,"Sarhan, AA; Ntim, CG; Al‐Najjar, B",ZQ32QJLF,"Board diversity, corporate governance, corporate performance, and executive pay.",DOI
RTS6ETC2,An update of gender diversity in editorial boards: A longitudinal study of management journals,2012.0,"Metz, I.; Harzing, A.-W.",3PQ23FHK,An update of gender diversity in editorial boards: a longitudinal study of management journals.,Title+Year+Author
TLHWRLK6,What have we learnt about board gender diversity as a business strategy? The appointment of board subcommittees,2019.0,"Pucheta-Martínez, M.C.; Bel-Oms, I.",ZJG8FWLA,What have we learnt about board gender diversity as a business strategy? The appointment of board subcommittees.,DOI
NCIYMSRX,What have we learnt about board gender diversity as a business strategy? The appointment of board subcommittees,2019.0,"Pucheta‐Martínez, MC; Bel‐Oms, I",ZJG8FWLA,What have we learnt about board gender diversity as a business strategy? The appointment of board subcommittees.,DOI
EB778L2P,The influence of board gender diversity on financial performance of listed companies in nigeria,2019.0,"Sani, A.A.; Abubakar, I.A.; Aliyu, U.; Sule, S.",DBI5WB3H,The Influence of Board Gender Diversity on Financial Performance of Listed Companies in Nigeria.,Title+Year+Author
GV8R3XXG,Does gender diversity on boards influence stock market liquidity? Empirical evidence from the French market,2019.0,"Loukil, N.; Yousfi, O.; Yerbanga, R.",PJLLTGEE,Does gender diversity on boards influence stock market liquidity? Empirical evidence from the French market.,Title+Year+Author
HSXYRCR9,The impact of board gender diversity on corporate social responsibility in the Arab Gulf states,2019.0,"Issa, A; Fang, HX",ZMJDRHVS,The impact of board gender diversity on corporate social responsibility in the Arab Gulf states,Title+Year+Author
RCBK9SNQ,Boardroom gender diversity and corporate sustainability practices: Evidence from Australian Securities Exchange listed firms,2017.0,"Nadeem, M.; Zaman, R.; Saleem, I.",EQJ9NRW3,Boardroom gender diversity and corporate sustainability practices: Evidence from Australian Securities Exchange listed firms.,Title+Year+Author
D685CPF8,Gender Diversity in the Corporate Boardroom: Creating a Tipping Point for Change,2015.0,"Sonnabend, S.",WBJFUXY2,Gender Diversity in the Corporate Boardroom: Creating a Tipping Point for Change.,Title+Year+Author
8272NA3F,Women on boards and CEO pay-performance link,2019.0,"Usman, M.; Farooq, M.U.; Zhang, J.; Dong, N.; Makki, M.A.M.",BZZ93GXS,Women on boards and CEO pay-performance link.,Title+Year+Author
RYF6PGNZ,Board Diversity and Financial Performance in the Top 500 Australian Firms,2015.0,"Vafaei, A.; Ahmed, K.; Mather, P.",Z36QD4WS,Board Diversity and Financial Performance in the Top 500 Australian Firms.,Title+Year+Author
7IBVRW7X,Board gender diversity and environmental performance: An industries perspective,2019.0,"Lu, J.; Herremans, I.M.",INVKHP74,Board gender diversity and environmental performance: An industries perspective.,DOI
85P7WWLP,Board gender diversity and environmental performance: An industries perspective,2019.0,"Lu, J; Herremans, IM",INVKHP74,Board gender diversity and environmental performance: An industries perspective.,DOI
38YDNUF8,Does board diversity affect quality of corporate social responsibility disclosure? Evidence from Pakistan,2019.0,"Khan, I.; Khan, I.; Saeed, B.B.",KVJTT973,Does board diversity affect quality of corporate social responsibility disclosure? Evidence from Pakistan.,Title+Year+Author
J4EBC6EJ,Board gender diversity and internal control weaknesses,2016.0,"Chen, Y; Eshleman, JD; Soileau, JS",8Z5GIKEW,Board Gender Diversity and Internal Control Weaknesses,Title+Year+Author
73GR8C9Y,Board gender diversity and firm performance: Evidence from the Russian agri-food industry,2020.0,"Tleubayev, A.; Bobojonov, I.; Gagalyuk, T.; Glauben, T.",2SDRDFZH,Board gender diversity and firm performance: evidence from the Russian agri-food industry.,Title+Year+Author
AYKSTW4Q,Women in the Boardroom: How Do Female Directors of Corporate Boards Perceive Boardroom Dynamics?,2013.0,"Mathisen, G.E.; Ogaard, T.; Marnburg, E.",SC7HW6QX,Women in the Boardroom: How Do Female Directors of Corporate Boards Perceive Boardroom Dynamics?,Title+Year+Author
6QMKENIS,The Impact of the Dual Board Structure and Board Diversity: Evidence from Chinese Initial Public Offerings (IPOs),2016.0,"Farag, Hisham; Mallin, Chris",2ZJEBYYX,The Impact of the Dual Board Structure and Board Diversity: Evidence from Chinese Initial Public Offerings (IPOs),Title+Year+Author
N4SQA4SZ,The Impact of the Dual Board Structure and Board Diversity: Evidence from Chinese Initial Public Offerings (IPOs),2016.0,"Farag, H.; Mallin, C.",2ZJEBYYX,The Impact of the Dual Board Structure and Board Diversity: Evidence from Chinese Initial Public Offerings (IPOs),Title+Year+Author
XWB8UKDQ,WHY DO SOME OUTSIDE SUCCESSIONS FARE BETTER THAN OTHERS? THE ROLE OF OUTSIDE CEOS' PRIOR EXPERIENCE WITH BOARD DIVERSITY,2016.0,"ZHU, DAVID H.; SHEN, WEI",VMKHHK8N,Why do some outside successions fare better than others? The role of outside CEOs' prior experience with board diversity.,Title+Year+Author
XI499JED,WHY DO SOME OUTSIDE SUCCESSIONS FARE BETTER THAN OTHERS? THE ROLE OF OUTSIDE CEOS' PRIOR EXPERIENCE WITH BOARD DIVERSITY,2016.0,"ZHU, DAVID H.; SHEN, WEI",VMKHHK8N,Why do some outside successions fare better than others? The role of outside CEOs' prior experience with board diversity.,Title+Year+Author
QVK3FE88,Why do some outside successions fare better than others? The role of outside CEOs' prior experience with board diversity,2016.0,"Zhu, D.H.; Shen, W.",VMKHHK8N,Why do some outside successions fare better than others? The role of outside CEOs' prior experience with board diversity.,Title+Year+Author
TZ4LMDSI,"Financial Management Effectiveness and Board Gender Diversity in Member-Governed, Community Financial Institutions",2017.0,"Ward, Anne Marie; Forker, John",G99I2PPD,"Financial Management Effectiveness and Board Gender Diversity in Member-Governed, Community Financial Institutions",Title+Year+Author
LEWGUDD5,"Financial Management Effectiveness and Board Gender Diversity in Member-Governed, Community Financial Institutions",2017.0,"Ward, A.M.; Forker, J.",G99I2PPD,"Financial Management Effectiveness and Board Gender Diversity in Member-Governed, Community Financial Institutions",DOI
HV5RDUY9,"Financial management effectiveness and board gender diversity in member-governed, community financial institutions",2017.0,"Ward, AM; Forker, J",G99I2PPD,"Financial Management Effectiveness and Board Gender Diversity in Member-Governed, Community Financial Institutions",DOI
SUTP9J48,Trickle-down effect: The impact of female board members on executive gender diversity,2018.0,"Gould, J.A.; Kulik, C.T.; Sardeshmukh, S.R.",QLYDRC7T,Trickle‐down effect: The impact of female board members on executive gender diversity.,DOI
8DQEV9NG,Trickle‐down effect: The impact of female board members on executive gender diversity,2018.0,"Gould, JA; Kulik, CT; ...",QLYDRC7T,Trickle‐down effect: The impact of female board members on executive gender diversity.,DOI
H2VSVYIH,Integrating sustainability into corporate governance: an empirical study on board diversity,2015.0,"Ferrero‐Ferrero, I; ...",KI6PXJME,Integrating Sustainability into Corporate Governance: An Empirical Study on Board Diversity,DOI
GDE83TYX,Board Diversity and Corporate Social Disclosure: Evidence from Vietnam,2018.0,"Hoang, Trang Cam; Abeysekera, Indra; Ma, Shiguang",72B8ITEU,Board Diversity and Corporate Social Disclosure: Evidence from Vietnam,Title+Year+Author
VKWWB8NT,Board Diversity and Corporate Social Disclosure: Evidence from Vietnam,2018.0,"Hoang, T.C.; Abeysekera, I.; Ma, S.",72B8ITEU,Board Diversity and Corporate Social Disclosure: Evidence from Vietnam,Title+Year+Author
LD597LDY,Board diversity and firm performance: The Indonesian evidence,2011.0,"Darmadi, S.",IBDSPEDR,Board diversity and firm performance: The indonesian evidence,Title+Year+Author
7K5XTN5I,Institutional complementarities and gender diversity on boards: A configurational approach,2016.0,"Iannotta, M; Gatti, M; Huse, M",GDR42JPY,Institutional Complementarities and Gender Diversity on Boards: A Configurational Approach,DOI
4XS7CST5,Women on boards of directors and corporate social performance: A meta‐analysis,2016.0,"Byron, K; Post, C",MMJEYYK5,Women on Boards of Directors and Corporate Social Performance: A Meta-Analysis,DOI
XA93HGWQ,Editorial boards of accounting journals: gender diversity and internationalisation,2017.0,"Dhanani, A.; Jones, M.J.",9BIGWZXI,Editorial boards of accounting journals: gender diversity and internationalisation.,Title+Year+Author
PK22335D,Does Board Gender Diversity Influence Financial Performance? Evidence from Spain,2017.0,"Reguera-Alvarado, Nuria; de Fuentes, Pilar; Laffarga, Joaquina",XU4ALHLL,Does Board Gender Diversity Influence Financial Performance? Evidence from Spain,Title+Year+Author
8TXZKJCS,Does Board Gender Diversity Influence Financial Performance? Evidence from Spain,2017.0,"Reguera-Alvarado, N.; de Fuentes, P.; Laffarga, J.",XU4ALHLL,Does Board Gender Diversity Influence Financial Performance? Evidence from Spain,DOI
6NE5EB9L,Does board gender diversity influence financial performance? Evidence from Spain,2017.0,"Reguera-Alvarado, N; Fuentes, P De; ...",XU4ALHLL,Does Board Gender Diversity Influence Financial Performance? Evidence from Spain,DOI
89DGXELX,Gender diversity in corporate governance and top management,2008.0,"Francoeur, C.; Labelle, R.; Sinclair-Desgagné, B.",2PBEMI8U,Gender Diversity in Corporate Governance and Top Management,DOI
8W94SPAD,Gender diversity in corporate governance and top management,2008.0,"Francoeur, C; Labelle, R; Sinclair-Desgagné, B",2PBEMI8U,Gender Diversity in Corporate Governance and Top Management,DOI
5Z2I4CSI,Do gender diversity recommendations in corporate governance codes matter? Evidence from audit committees,2020.0,"Sultana, N.; Cahan, S.F.; Rahman, A.",3HSCBMX4,Do Gender Diversity Recommendations in Corporate Governance Codes Matter? Evidence from Audit Committees.,Title+Year+Author
L6AEH9X6,Do gender diversity recommendations in corporate governance codes matter? Evidence from audit committees,2020.0,"Sultana, N; Cahan, SF; ...",3HSCBMX4,Do Gender Diversity Recommendations in Corporate Governance Codes Matter? Evidence from Audit Committees.,Title+Year+Author
2SBY2P85,Corporate social responsibility strategy and corporate environmental and social performance: The moderating role of board gender diversity,2020.0,"Orazalin, N.; Baydauletov, M.",Y7JRBQMM,Corporate social responsibility strategy and corporate environmental and social performance: The moderating role of board gender diversity.,DOI
CDWL4SV6,Corporate social responsibility strategy and corporate environmental and social performance: The moderating role of board gender diversity,2020.0,"Orazalin, N; Baydauletov, M",Y7JRBQMM,Corporate social responsibility strategy and corporate environmental and social performance: The moderating role of board gender diversity.,DOI
IUGK32WI,Board diversity and corporate investment oversight,2018.0,"Harjoto, M.A.; Laksmana, I.; Yang, Y.-W.",GLFQ92UR,Board diversity and corporate investment oversight.,Title+Year+Author
4FZBYPV3,Board diversity and total directors’ remuneration: evidence from an emerging market,2018.0,"Effiezal Aswadi Abdul, W.; Madah Marzuki, M.; Jaafar, S.B.; Masron, T.A.",USDF9EFF,Board diversity and total directors’ remuneration: evidence from an emerging market.,Title+Year+Author
49CA6EMN,Do women on boards influence climate change disclosures to CDP? - Evidence from large indian companies,2019.0,"Charumathi, B.; Rahman, H.",27W9AW4N,Do Women on Boards Influence Climate Change Disclosures to CDP? - Evidence from Large Indian Companies.,Title+Year+Author
3AJ57PW5,Limited progress? The effect of external pressure for board gender diversity on the increase of female directors,2019.0,"Knippen, Jennifer M.; Shen, Wei; Zhu, Qi",ZKH4P7X3,Limited progress? The effect of external pressure for board gender diversity on the increase of female directors,Title+Year+Author
3SMN59SH,Limited progress? The effect of external pressure for board gender diversity on the increase of female directors,2019.0,"Knippen, J.M.; Shen, W.; Zhu, Q.",ZKH4P7X3,Limited progress? The effect of external pressure for board gender diversity on the increase of female directors,DOI
NM74I436,Limited progress? The effect of external pressure for board gender diversity on the increase of female directors.,2019.0,"Knippen, Jennifer M.; Shen, Wei; Zhu, Qi",ZKH4P7X3,Limited progress? The effect of external pressure for board gender diversity on the increase of female directors,Title+Year+Author
5W75JTTK,Limited progress? The effect of external pressure for board gender diversity on the increase of female directors,2019.0,"Knippen, JM; Shen, W; Zhu, Q",ZKH4P7X3,Limited progress? The effect of external pressure for board gender diversity on the increase of female directors,DOI
DHYWZFJW,Hidden Connections: The Link Between Board Gender Diversity and Corporate Social Performance,2013.0,"Boulouta, Ioanna",JYRQVPQB,Hidden Connections: The Link Between Board Gender Diversity and Corporate Social Performance.,Title+Year+Author
DY2VMQZX,Hidden Connections: The Link Between Board Gender Diversity and Corporate Social Performance,2013.0,"Boulouta, Ioanna",JYRQVPQB,Hidden Connections: The Link Between Board Gender Diversity and Corporate Social Performance.,Title+Year+Author
UX7VLS64,Hidden Connections: The Link Between Board Gender Diversity and Corporate Social Performance,2013.0,"Boulouta, I.",JYRQVPQB,Hidden Connections: The Link Between Board Gender Diversity and Corporate Social Performance.,DOI
P2MR9844,Hidden connections: The link between board gender diversity and corporate social performance,2013.0,"Boulouta, I",JYRQVPQB,Hidden Connections: The Link Between Board Gender Diversity and Corporate Social Performance.,DOI
ISGN2YAC,Internal determinants of share price movements among listed companies in Nigeria: Does gender diversity in boardroom matter?,2020.0,"Jeroh, E.",4BDMUR7N,Internal Determinants of Share Price Movements among Listed Companies in Nigeria: Does Gender Diversity in Boardroom Matter?,Title+Year+Author
KLV2XM3N,Getting Women on Board: Some Reflections on Research on Board Gender Diversity.,2020.0,"Hardies, Kris; Breesch, Diane",LQL6JGCC,Getting Women on Board: Some Reflections on Research on Board Gender Diversity,Title+Year+Author
H6TZGLZJ,Does Board Gender Diversity Have a Financial Impact? Evidence Using Stock Portfolio Performance,2014.0,"Chapple, Larelle; Humphrey, Jacquelyn E.",75JP9P26,Does Board Gender Diversity Have a Financial Impact? Evidence Using Stock Portfolio Performance.,Title+Year+Author
8AQQVR4K,Does Board Gender Diversity Have a Financial Impact? Evidence Using Stock Portfolio Performance,2014.0,"Chapple, Larelle; Humphrey, Jacquelyn E.",75JP9P26,Does Board Gender Diversity Have a Financial Impact? Evidence Using Stock Portfolio Performance.,Title+Year+Author
GHPZXFIM,Does board gender diversity have a financial impact? Evidence using stock portfolio performance,2014.0,"Chapple, L.; Humphrey, J.E.",75JP9P26,Does Board Gender Diversity Have a Financial Impact? Evidence Using Stock Portfolio Performance.,DOI
545WVIE6,Does board gender diversity have a financial impact? Evidence using stock portfolio performance,2014.0,"Chapple, L; Humphrey, JE",75JP9P26,Does Board Gender Diversity Have a Financial Impact? Evidence Using Stock Portfolio Performance.,DOI
REDJF6QP,"Board diversity, the logic of difference & the logic of equivalence: A critical study of the emergence of corporate democracy",2010.0,"McPhail, K.",MTDSK47Z,"BOARD DIVERSITY, THE LOGIC OF DIFFERENCE & THE LOGIC OF EQUIVALENCE: A CRITICAL STUDY OF THE EMERGENCE OF CORPORATE DEMOCRACY.",Title+Year+Author
YBNQIGKP,Board gender diversity and sustainability reporting quality,2016.0,"Al-Shaer, H; Zaman, M",DR5L7JN6,Board gender diversity and sustainability reporting quality,Title+Year+Author
AHV8PTJZ,"Trustee board diversity, governance mechanisms, capital structure and performance in UK charities",2018.0,"Elmagrhi, M.H.; Ntim, C.G.; Malagila, J.; Fosu, S.; Tunyi, A.A.",SNM9XWIR,"Trustee board diversity, governance mechanisms, capital structure and performance in UK charities.",Title+Year+Author
TL7YLYZ8,The Relationship Between Gender Diversity and Employee Representation at the Board Level and Non-Financial Performance: A Cross-Country Study.,2020.0,"Lopatta, Kerstin; Böottcher, Katarina; Lodhia, Sumit K.; Tideman, Sebastian A.",RMFDIF67,The Relationship Between Gender Diversity and Employee Representation at the Board Level and Non-Financial Performance: A Cross-Country Study,Title+Year+Author
MADSD5VY,"Corporate governance quality, board gender diversity and corporate dividend policy: Evidence from Jordan",2017.0,"Al-Rahahleh, A.S.",MYX5SSSB,"Corporate Governance Quality, Board Gender Diversity and Corporate Dividend Policy: Evidence from Jordan.",Title+Year+Author
9XVVBAIP,"Corporate governance quality, board gender diversity and corporate dividend policy: Evidence from Jordan",2017.0,"Al-Rahahleh, AS",MYX5SSSB,"Corporate Governance Quality, Board Gender Diversity and Corporate Dividend Policy: Evidence from Jordan.",Title+Year+Author
FHDTMA8L,Boardroom nationality and gender diversity: Implications for corporate sustainability performance,2020.0,"A. A. Zaid, M.; Wang, M.; Adib, M.; Sahyouni, A.; T. F. Abuhijleh, S.",ELE4FVZH,Boardroom nationality and gender diversity: Implications for corporate sustainability performance.,Title+Year+Author
8XH62ZKT,Rethinking board diversity with the behavioural theory of corporate governance: opportunities and challenges for advances in theorising,2017.0,"Kaczmarek, S.",VXT8XWCP,Rethinking board diversity with the behavioural theory of corporate governance: opportunities and challenges for advances in theorising.,Title+Year+Author
Q9MQ6PA5,"Corporate governance, board diversity and firm financial performance: new evidence from Sri Lanka",2013.0,"Wellalage, NH; Locke, S",FIZPSV49,"Corporate governance, board diversity and firm financial performance: New evidence from Sri Lanka",DOI
W7V26HHI,"Who selects the 'right'directors? An examination of the association between board selection, gender diversity and outcomes",2015.0,"Hutchinson, M; Mack, J; Plastow, K",DZRBQA65,"Who selects the 'right' directors? An examination of the association between board selection, gender diversity and outcomes",DOI
WRGCEBW5,"Board Diversity, Stakeholder Representation, and Collaborative Performance in Community Mediation Centers",2010.0,"Gazley, Beth; Chang, Won Kyung; Bingham, Lisa Blomgren",FE59ANYU,"Board Diversity, Stakeholder Representation, and Collaborative Performance in Community Mediation Centers.",Title+Year+Author
ZYFH7MX5,"Board Diversity, Stakeholder Representation, and Collaborative Performance in Community Mediation Centers",2010.0,"Gazley, Beth; Chang, Won Kyung; Bingham, Lisa Blomgren",FE59ANYU,"Board Diversity, Stakeholder Representation, and Collaborative Performance in Community Mediation Centers.",Title+Year+Author
UKE2TR7B,"Board diversity, stakeholder representation, and collaborative performance in community mediation centers",2010.0,"Gazley, B.; Chang, W.K.; Bingham, L.B.",FE59ANYU,"Board Diversity, Stakeholder Representation, and Collaborative Performance in Community Mediation Centers.",Title+Year+Author
KPDJVUP8,Why so few women on boards of directors? Empirical evidence from danish companies in 1998-2010,2018.0,"Smith, N.; Parrotta, P.",IDQN7DZC,Why so Few Women on Boards of Directors? Empirical Evidence from Danish Companies in 1998-2010,Title+Year+Author
NEPN8R6J,The effect of board gender diversity on firm performance: evidence from Turkey,2016.0,"Kılıç, M; Kuzey, C",96CI6ZII,The effect of board gender diversity on firm performance: evidence from Turkey,Title+Year+Author
LWZMX73W,WOMEN ON BOARDS AND FIRM FINANCIAL PERFORMANCE: A META-ANALYSIS,2015.0,"POST, CORINNE; BYRON, KRIS",B63K4WGH,WOMEN ON BOARDS AND FIRM FINANCIAL PERFORMANCE: A META-ANALYSIS.,Title+Year+Author
3AAQT4HY,Women on boards and firm financial performance: A meta-analysis,2015.0,"Post, C.; Byron, K.",B63K4WGH,WOMEN ON BOARDS AND FIRM FINANCIAL PERFORMANCE: A META-ANALYSIS.,Title+Year+Author
NZXMTL9W,The Effect of Board Diversity on Earnings Quality: An Empirical Study of Listed Firms in Vietnam,2017.0,"Hoang, T.C.; Abeysekera, I.; Ma, S.",IWESMEDG,The Effect of Board Diversity on Earnings Quality: An Empirical Study of Listed Firms in Vietnam.,Title+Year+Author
7A7WE8G5,Board diversity and financial performance: A graphical time-series approach,2015.0,"Taljaard, C.C.; Ward, M.J.D.; Muller, C.J.",SZMZK7BG,BOARD DIVERSITY AND FINANCIAL PERFORMANCE: A GRAPHICAL TIME-SERIES APPROACH.,Title+Year+Author
U5RI9U98,"Gender Diversity in the Boardroom and Firm Performance: What Exactly Constitutes a ""Critical Mass?""",2013.0,"Joecks, Jasmin; Pull, Kerstin; Vetter, Karin",7XCSXLCD,Gender Diversity in the Boardroom and Firm Performance: What Exactly Constitutes a 'Critical Mass?'.,Title+Year+Author
C2N4WSSU,"Gender Diversity in the Boardroom and Firm Performance: What Exactly Constitutes a ""Critical Mass?""",2013.0,"Joecks, J.; Pull, K.; Vetter, K.",7XCSXLCD,Gender Diversity in the Boardroom and Firm Performance: What Exactly Constitutes a 'Critical Mass?'.,Title+Year+Author
K4BQFA9Z,European firms’ corporate biodiversity disclosures and board gender diversity from 2002 to 2016,2020.0,"Haque, F.; Jones, M.J.",7V5TVJ3P,European firms' corporate biodiversity disclosures and board gender diversity from 2002 to 2016.,Title+Year+Author
QFACETTW,European firms' corporate biodiversity disclosures and board gender diversity from 2002 to 2016,2020.0,"Haque, F; Jones, MJ",7V5TVJ3P,European firms' corporate biodiversity disclosures and board gender diversity from 2002 to 2016.,Title+Year+Author
HQAI2GSD,Gender on board: deconstructing the “legitimate” female director,2016.0,"Tremblay, M.-S.; Gendron, Y.; Malsch, B.",FWJI9PK3,Gender on board: deconstructing the “legitimate” female director.,Title+Year+Author
ITN99F8Y,Gender on board: deconstructing the “legitimate” female director,2016.0,"Tremblay, MS; Gendron, Y; Malsch, B",FWJI9PK3,Gender on board: deconstructing the “legitimate” female director.,Title+Year+Author
IM5L4KDR,"Delineating the influence of boardroom gender diversity on corporate social responsibility, financial performance, and reputation",2020.0,"Ajaz, A.; Shenbei, Z.; Sarfraz, M.",XKLD4UPD,"DELINEATING THE INFLUENCE OF BOARDROOM GENDER DIVERSITY ON CORPORATE SOCIAL RESPONSIBILITY, FINANCIAL PERFORMANCE, AND REPUTATION.",Title+Year+Author
PHYSDJJ6,Does the board gender diversity enhance firm performance?,2020.0,"Pidani, R.R.; Mahmood, A.; Agbola, F.W.",NBPNTUQA,Does the Board Gender Diversity Enhance Firm Performance?,Title+Year+Author
JFISH4UU,Nationality and gender diversity on Swiss corporate boards,2007.0,"Ruigrok, W.; Peck, S.; Tacheva, S.",WHAB9RX3,Nationality and Gender Diversity on Swiss Corporate Boards.,Title+Year+Author
NM6ZRB8L,Does board gender diversity affect corporate cash holdings?,2019.0,"Atif, M; Liu, B; Huang, A",4HJB92TR,Does board gender diversity affect corporate cash holdings?,DOI
HTNFWPVA,"Types of director, board diversity and firm performance",2020.0,"Fernández-Temprano, M.A.; Tejerina-Gaite, F.",S3WELDJ4,"Types of director, board diversity and firm performance.",Title+Year+Author
CF2ZG5KP,"Types of director, board diversity and firm performance",2020.0,"Fernández-Temprano, MA; ...",S3WELDJ4,"Types of director, board diversity and firm performance.",Title+Year+Author
WVFP7USR,Board diversity and R&D investment,2016.0,"Midavaine, J.; Dolfsma, W.; Aalbers, R.",U6CKHHSZ,Board diversity and R & D investment.,Title+Year+Author
IX6PX7YS,Is Board Gender Diversity Linked to Financial Performance? The Mediating Mechanism of CSR,2018.0,"Galbreath, J.",4JP297QG,Is Board Gender Diversity Linked to Financial Performance? The Mediating Mechanism of CSR.,DOI
IGB9U6N4,Is board gender diversity linked to financial performance? The mediating mechanism of CSR,2018.0,"Galbreath, J",4JP297QG,Is Board Gender Diversity Linked to Financial Performance? The Mediating Mechanism of CSR.,DOI
DTY4R3HH,"The impact of sustainability (environmental, social, and governance) disclosure and board diversity on firm value: The moderating role of industry sensitivity",2020.0,"Qureshi, M.A.; Kirkerud, S.; Theresa, K.; Ahsan, T.",3XTLGX2V,"The impact of sustainability (environmental, social, and governance) disclosure and board diversity on firm value: The moderating role of industry sensitivity.",Title+Year+Author
D6JDE86A,"The Impact of the Board, Political Connections on Financial Distress in Indonesia: Effects of Corporate Governance",2024.0,"Rahim, R.; Anggriani, P.; Wiranda, N.A.",M56VUK24,"The Impact of the Board, Political Connections on Financial Distress in Indonesia: Effects of Corporate Governance.",Title+Year+Author
TG5AGADN,The changing role of the supervisory board chairman: The case of the Netherlands (1997-2007),2012.0,"Bezemer, P.-J.; Peij, S.C.; Maassen, G.F.; van Halder, H.",2XTAQDSI,The changing role of the supervisory board chairman: the case of the Netherlands (1997-2007).,Title+Year+Author
ARYET6KY,Does network board capital matter? A study of innovative performance in strategic SME networks,2010.0,"Wincent, J.; Anokhin, S.; Örtqvist, D.",IWNTU996,Does network board capital matter? A study of innovative performance in strategic SME networks,Title+Year+Author
V5AI9G3N,The wisdom and madness of crowds: How information networks and board cognition help or hinder firm performance across the business cycle,2022.0,"Hudson, K.; Morgan, R.E.",NKXSEXSD,The wisdom and madness of crowds: How information networks and board cognition help or hinder firm performance across the business cycle.,Title+Year+Author
CNJLS5RF,Show me? Inspire me? Make me? An institutional theory exploration of social and environmental reporting practices,2024.0,"Wukich, J.J.; Neuman, E.L.; Fogarty, T.J.",VEL7TM5I,Show me? Inspire me? Make me? An institutional theory exploration of social and environmental reporting practices.,Title+Year+Author
8S8UGQGG,The making of active boards in Swedish public companies,2011.0,"Jonnergård, K.; Stafsudd, A.",UU6U99VF,The making of active boards in Swedish public companies.,Title+Year+Author
2537GQVZ,"Board interlocks, absorptive capacity, and environmental performance",2021.0,"Lu, J.; Mahmoudian, F.; Yu, D.; Nazari, J.A.; Herremans, I.M.",DUEGW4TM,"Board interlocks, absorptive capacity, and environmental performance.",DOI
SGW42CB3,"Board interlocks, absorptive capacity, and environmental performance",2021.0,"Lu, J; Mahmoudian, F; Yu, D; Nazari, JA; ...",DUEGW4TM,"Board interlocks, absorptive capacity, and environmental performance.",DOI
RNI8NM5F,Brokerage and closure in corporate control: Shifting sources of power for a fractured corporate board network,2019.0,"Benton, RA",3NGRT3Q2,Brokerage and Closure in Corporate Control: Shifting Sources of Power for a Fractured Corporate Board Network,DOI
6HZKVVY9,Synchronicity and firm interlocks in an emerging market,2009.0,"Khanna, T.; Thomas, C.",PFTZN58J,Synchronicity and firm interlocks in an emerging market,Title+Year+Author
8SY3HL4S,"Board interlocks, career prospects and corporate social responsibility",2023.0,"Vo, L.V.; Le, H.T.T.; Kim, Y.",H6BLQ6NV,"Board interlocks, career prospects and corporate social responsibility.",Title+Year+Author
8L2FQZJ5,Corporate board interlocks and new product introductions,2018.0,"Srinivasan, R; Wuyts, S; ...",Z37SMZK7,Corporate board interlocks and new product introductions,DOI
8V6DQ9FK,Interlocking directorates as corporate governance in third world multinationals: Theory and evidence from Thailand,2001.0,"Peng, M.W.; Au, K.Y.; Wang, D.Y.L.",L4L9B8ZD,Interlocking Directorates as Corporate Governance in Third World Multinationals: Theory and Evidence from Thailand.,DOI
SUEVMY9D,Interlocking directorates as corporate governance in Third World multinationals: Theory and evidence from Thailand,2001.0,"Peng, MW; Au, KY; Wang, DYL",L4L9B8ZD,Interlocking Directorates as Corporate Governance in Third World Multinationals: Theory and Evidence from Thailand.,DOI
PMVIDP2V,Corporate governance in the shipping industry: board interlocks and agency conflicts,2019.0,"Andrikopoulos, A.; Georgakopoulos, A.; Merika, A.; Merikas, A.",CJ2WEYBS,Corporate governance in the shipping industry: board interlocks and agency conflicts.,Title+Year+Author
N9KWE4EL,Corporate governance in the shipping industry: board interlocks and agency conflicts,2019.0,"Andrikopoulos, A; Georgakopoulos, A; ...",CJ2WEYBS,Corporate governance in the shipping industry: board interlocks and agency conflicts.,Title+Year+Author
KSL238UT,Do Director Networks Matter for Financial Reporting Quality? Evidence from Audit Committee Connectedness and Restatements,2020.0,"Omer, Thomas C.; Shelley, Marjorie K.; Tice, Frances M.",NM4FZJB7,Do Director Networks Matter for Financial Reporting Quality? Evidence from Audit Committee Connectedness and Restatements.,Title+Year+Author
5LX9Q6EG,Do director networks matter for financial reporting quality? Evidence from audit committee connectedness and restatements,2020.0,"Omer, T.C.; Shelley, M.K.; Tice, F.M.",NM4FZJB7,Do Director Networks Matter for Financial Reporting Quality? Evidence from Audit Committee Connectedness and Restatements.,Title+Year+Author
94IPMCRR,Does Presence of Foreign Directors Make a Difference? A Case of Indian IPOs,2021.0,"Handa, R.",J2WKFR8G,Does Presence of Foreign Directors Make a Difference? A Case of Indian IPOs.,Title+Year+Author
I2DU7ACZ,Do board interlocks support monitoring effectiveness? Evidence from listed German companies,2019.0,"Handschumacher, F; Behrmann, M; ...",9YXEVR24,Do board interlocks support monitoring effectiveness?: Evidence from listed German companies,Title+Year+Author
CCPBYRCT,"An exploration of gender, interlocking directorates, and corporate performance",2017.0,"O'Hagan, SB",5YLF75QT,"An exploration of gender, interlocking directorates, and corporate performance",Title+Year+Author
TF2FI98A,The Decline of Social Entrenchment: Social Network Cohesion and Board Responsiveness to Shareholder Activism,2017.0,"Benton, Richard A.",ANF4URG3,The Decline of Social Entrenchment: Social Network Cohesion and Board Responsiveness to Shareholder Activism.,Title+Year+Author
ATGMLDBG,The decline of social entrenchment: Social network cohesion and board responsiveness to shareholder activism,2017.0,"Bentona, R.A.",ANF4URG3,The Decline of Social Entrenchment: Social Network Cohesion and Board Responsiveness to Shareholder Activism.,DOI
BQGS7J5E,The decline of social entrenchment: Social network cohesion and board responsiveness to shareholder activism,2017.0,"Benton, RA",ANF4URG3,The Decline of Social Entrenchment: Social Network Cohesion and Board Responsiveness to Shareholder Activism.,DOI
KA9INC32,The impact of interlocking directorates on innovation: the effects of business and social ties,2019.0,"Hernández-Lara, AB; Gonzales-Bustos, JP",GKANELG5,The impact of interlocking directorates on innovation: the effects of business and social ties,Title+Year+Author
6DUNPS52,The effect of interlocking directorates on mergers and acquisitions in Brazil,2021.0,"de Sousa Barros, T.; Cárdenas, J.; Mendes-Da-Silva, W.",8HKKPRTA,The effect of interlocking directorates on mergers and acquisitions in Brazil.,Title+Year+Author
4CYVNZF9,Directors' role in inter-organizational networks,2015.0,"Caiazza, R; Simoni, M",2XQ8GJB8,Directors’ role in inter-organizational networks,Title+Year+Author
J28E68AR,"Executive directors' pay, networks and operating performance: The influence of ownership structure",2015.0,"Crespí-Cladera, R.; Pascual-Fuster, B.",9JRCD6UW,"Executive directors’ pay, networks and operating performance: The influence of ownership structure.",Title+Year+Author
GCKELWYP,Interlocking directorship in New Zealand,2015.0,"Roudaki, J.; Bhuiyan, M.B.U.",MB9LYFGH,Interlocking Directorship in New Zealand.,Title+Year+Author
ISRKFSPK,The enactment of corporate governance guidelines: An empirical examination,2005.0,"Rubach, M.; Picou, A.",RFSIWKV5,The enactment of corporate governance guidelines: an empirical examination.,Title+Year+Author
3ZKCTCDZ,Women in the inner circle: Gender and director networks after the fracturing of the corporate elite,2021.0,"Benton, RA",KEBRM33P,Women in the inner circle: Gender and director networks after the fracturing of the corporate elite,DOI
EFHFFYYI,Competing institutional pressures in corporate governance reform: the role of board interlocks and industry peers,2017.0,"Krenn, M.",LQ485MCT,Competing institutional pressures in corporate governance reform: the role of board interlocks and industry peers.,Title+Year+Author
K8PNKJDA,Competing institutional pressures in corporate governance reform: the role of board interlocks and industry peers,2017.0,"Krenn, M",LQ485MCT,Competing institutional pressures in corporate governance reform: the role of board interlocks and industry peers.,Title+Year+Author
AXI75CSG,The influence of board interlocks and sustainability experience on transparent sustainability disclosure,2024.0,"Lu, J.; Yu, D.; Mahmoudian, F.; Nazari, J.A.; Herremans, I.M.",EGK7RFIN,The influence of board interlocks and sustainability experience on transparent sustainability disclosure.,DOI
RBJTWNK5,The influence of board interlocks and sustainability experience on transparent sustainability disclosure,2024.0,"Lu, J; Yu, D; Mahmoudian, F; Nazari, JA; ...",EGK7RFIN,The influence of board interlocks and sustainability experience on transparent sustainability disclosure.,DOI
WTD7F3QD,Interlocking directorships and cross-shareholdings among Italian blue chips,2011.0,"Drago, C; Manestra, S; Santella, P",Q5UBCL8Q,Interlocking Directorships and Cross-Shareholdings Among Italian Blue Chips,Title+Year+Author
ZPN3QN2I,Board political ideological diversity and information exposure as antecedents to value creation and value appropriation,2023.0,"Hudson, K.; Morgan, R.E.",7T9PS9GM,Board political ideological diversity and information exposure as antecedents to value creation and value appropriation.,Title+Year+Author
XQJWPPY3,Firm network structure and innovation,2017.0,"Chuluun, T.; Prevost, A.; Upadhyay, A.",53EJ88GM,Firm network structure and innovation.,Title+Year+Author
Z95LFEID,Partners' centrality diversity and firm innovation performance: Evidence from China,2020.0,"Jiang, Y.; Yang, Y.; Zhao, Y.; Li, Y.",M8Z5YWGV,Partners' centrality diversity and firm innovation performance: Evidence from China.,Title+Year+Author
QKQU3TLD,The Effects of Board Interlocks With an Allegedly Fraudulent Company on Audit Fees,2023.0,"Ivanova, M.N.; Prencipe, A.",CZ9RE662,The Effects of Board Interlocks With an Allegedly Fraudulent Company on Audit Fees.,Title+Year+Author
Y246XZ94,"Opaque networks: Business and community in the isle of man, 1840-1900",2007.0,"Crumplin, T.E.",XK9HUQ7I,"Opaque networks: Business and community in the Isle of man, 1840-1900.",Title+Year+Author
4W798Q4H,Interlocking directorship across Italian listed companies: evidence from a natural experiment,2018.0,"Fattobene, L.; Caiffa, M.; Di Carlo, E.",5QDEVRWV,Interlocking directorship across Italian listed companies: evidence from a natural experiment.,Title+Year+Author
HILG2GCT,Board composition and bank performance in a small island developing state: The case of Curacao,2021.0,"Muller, S.; Watkins-Fassler, K.",BRMJ6CFP,Board composition and bank performance in a small island developing state: The case of Curacao.,Title+Year+Author
W4G2A9P7,Diversity of Board Interlocks and the Impact on Technological Exploration: A Longitudinal Study,2019.0,"Li, M.",SLUGJBF7,Diversity of Board Interlocks and the Impact on Technological Exploration: A Longitudinal Study.,DOI
8JWRSXMY,Diversity of board interlocks and the impact on technological exploration: A longitudinal study,2019.0,"Li, M",SLUGJBF7,Diversity of Board Interlocks and the Impact on Technological Exploration: A Longitudinal Study.,DOI
4X3I947W,Board Interlocks and Initial Public Offering Performance in the United States and the United Kingdom: An Institutional Perspective,2018.0,"Filatotchev, I.; Chahine, S.; Bruton, G.D.",P4SXDAB5,Board Interlocks and Initial Public Offering Performance in the United States and the United Kingdom: An Institutional Perspective.,DOI
ZWN7KRH8,Board interlocks and initial public offering performance in the United States and the United Kingdom: An institutional perspective,2018.0,"Filatotchev, I; Chahine, S; ...",P4SXDAB5,Board Interlocks and Initial Public Offering Performance in the United States and the United Kingdom: An Institutional Perspective.,DOI
YI5KL42W,Former audit partners on audit committees: Implications for Russian corporate governance,2017.0,"Scalan, G.",7BXIEBCI,FORMER AUDIT PARTNERS ON AUDIT COMMITTEES: IMPLICATIONS FOR RUSSIAN CORPORATE GOVERNANCE.,Title+Year+Author
BHY3VPHX,Corporate directors as heterogeneous network pipes: How director political ideology affects the interorganizational diffusion of governance practices,2022.0,"Gupta, A; Wowak, AJ; Boeker, W",W7G27KGI,Corporate directors as heterogeneous network pipes: How director political ideology affects the interorganizational diffusion of governance practices,DOI
4JGCZ82V,How boards’ internal and external social capital interact to affect firm performance,2016.0,"Barroso-Castro, Carmen; del Mar Villegas-Periñan, Ma; Casillas-Bueno, José C",6KQPPVFE,How boards’ internal and external social capital interact to affect firm performance.,Title+Year+Author
VRIKKAUC,How boards’ internal and external social capital interact to affect firm performance,2016.0,"Barroso-Castro, C.; Villegas-Periñan, M.D.M.; Casillas-Bueno, J.C.",6KQPPVFE,How boards’ internal and external social capital interact to affect firm performance.,Title+Year+Author
6V42XS87,"Corporate governance, board networks and growth in domestic and international markets: Evidence from India",2017.0,"Singh, D; Delios, A",C24WMPLJ,"Corporate governance, board networks and growth in domestic and international markets: Evidence from India",Title+Year+Author
9RKLJGJS,The significance of board interlocks for corporate governance,1996.0,"Davis, GF",GTW87RXI,The Significance of Board Interlocks for Corporate Governance,DOI
C58DUSJ7,How does globalization affect corporate governance and accountability? A perspective from MNEs,2005.0,"Luo, Y.",I8ZLXRQ5,How does globalization affect corporate governance and accountability? A perspective from MNEs,Title+Year+Author
YLQQ4JDP,Board interlocking and firm performance: the role of foreign ownership in Saudi Arabia,2018.0,"Hamdan, A.",RXV5XQHR,Board interlocking and firm performance: the role of foreign ownership in Saudi Arabia.,Title+Year+Author
K2CXUCPL,The impact of board interlocks on auditor choice and audit fees,2013.0,"Johansen, T.R.; Pettersson, K.",C4LIEAUQ,The Impact of Board Interlocks on Auditor Choice and Audit Fees.,Title+Year+Author
FTAUN2RS,Ideological homophily in board composition and interlock networks: Do liberal directors inhibit viewpoint diversity?,2022.0,"Hudson, K.; Morgan, R.E.",X4RA4RM6,Ideological homophily in board composition and interlock networks: Do liberal directors inhibit viewpoint diversity?,DOI
CNFXF25W,Ideological homophily in board composition and interlock networks: Do liberal directors inhibit viewpoint diversity?,2022.0,"Hudson, K; Morgan, RE",X4RA4RM6,Ideological homophily in board composition and interlock networks: Do liberal directors inhibit viewpoint diversity?,DOI
6KL5XMEB,Network connections within committees and board governance effectiveness,2022.0,"Zhao, H.",369KFKKG,Network connections within committees and board governance effectiveness.,Title+Year (author absent/consistent)
NFFFGM3D,"Women directors in corporate India, c. 1920–2019",2024.0,"Tumbe, C.",ZNQMSQ3F,"Women directors in corporate India, c. 1920–2019.",Title+Year+Author
RLMEWA4V,Chairperson and CEO foreignness and CG quality of emerging markets MNCs: Moderating role of international board interlocks,2022.0,"Areneke, G.; Tunyi, A.A.",L8FG3D8K,Chairperson and CEO foreignness and CG quality of emerging markets MNCs: Moderating role of international board interlocks.,Title+Year+Author
Y5F9D7HF,Board interlocks and the diffusion of disclosure policy,2014.0,"Cai, Y; Dhaliwal, DS; Kim, Y; Pan, C",ZDQWU432,Board interlocks and the diffusion of disclosure policy,DOI
D2V6IHKN,Director network resources and firm performance: Evidence from Indian corporate governance reforms,2016.0,"Shaw, TS; Cordeiro, JJ; Saravanan, P",QGEJ7ADS,Director network resources and firm performance: Evidence from Indian corporate governance reforms,DOI
X6I2KRUA,Defining the social capital of the board of directors: An exploratory study,2004.0,"Nicholson, GJ; Alexander, M; Kiel, GC",TVXRMC37,Defining the social capital of the board of directors: An exploratory study,Title+Year+Author
4SNM8XLJ,"Board capital, CEO power and R&D investment in electronics firms",2014.0,"Chen, H.-L.",XCIBVMXL,"Board Capital, CEO Power and R&D Investment in Electronics Firms.",Title+Year+Author
ZI44SIVD,Interrogating diversity: Feminism and the destructuration of Australian board appointment practices,2024.0,"Wright, C.; Cortese, C.; Al-Mamun, A.; Ali, S.",Z5GW2UE7,Interrogating diversity: Feminism and the destructuration of Australian board appointment practices.,Title+Year+Author
DMAFFXW4,Interlocking boards and firm outcomes: a review,2024.0,"Ramsawak, R; Buertey, S; Maheshwari, G; ...",GSTVVQAA,Interlocking boards and firm outcomes: a review,Title+Year+Author
UQ9B7L95,Network Centrality and Dissent Voting by Directors on Boards,2024.0,"Zhang, H.; Liu, Z.; Zhong, W.",FSIWST72,Network Centrality and Dissent Voting by Directors on Boards.,Title+Year+Author
ESP6443K,Network centrality and dissent voting by directors on boards,2024.0,"Zhang, H; Liu, Z; Zhong, W",FSIWST72,Network Centrality and Dissent Voting by Directors on Boards.,Title+Year+Author
MRTYD4QY,The influence of board interlocks on firm performance: In the context of geographic diversification in the restaurant industry,2021.0,"Song, HJ; Lee, S; Kang, KH",AP2GRL2Q,The influence of board interlocks on firm performance: In the context of geographic diversification in the restaurant industry,Title+Year+Author
GJGGT54M,"Social capital, networks and interlocked independent directors: a Mexican case",2016.0,"Avina-Vazquez, CR; Uddin, S",IYV9N7QK,"Social capital, networks and interlocked independent directors: a Mexican case",Title+Year+Author
3H4YUN93,Interlocking directorates in Italy: persistent links in network dynamics,2014.0,"Bellenzier, L; Grassi, R",WUFYUY8E,Interlocking directorates in Italy: persistent links in network dynamics,DOI
H49VGIXR,Peer Effects in Corporate Governance Practices: Evidence from Universal Demand Laws,2022.0,"Foroughi, P.; Marcus, A.J.; Nguyen, V.; Tehranian, H.",EYUILLNX,Peer Effects in Corporate Governance Practices: Evidence from Universal Demand Laws.,Title+Year+Author
6YQITZY7,Peer Effects on Corporate Social Responsibility Engagement of Chinese Construction Firms through Board Interlocking Ties,2024.0,"Qin, L.; He, Q.; Fu, X.; Wang, Y.; Wang, G.",VHJTR6WP,Peer Effects on Corporate Social Responsibility Engagement of Chinese Construction Firms through Board Interlocking Ties.,Title+Year+Author
9L89KK23,Connecting the right knots: the impact of board committee interlocks on the performance of Indian firms,2024.0,"Edacherian, S; Richter, A; Karna, A; ...",CCJPJ8NH,Connecting the right knots: The impact of board committee interlocks on the performance of Indian firms,DOI
A9MLZKCT,"Corporate governance, institutional characteristics, and director networks in Malaysia",2017.0,"Jamaludin, M.F.; Hashim, F.",BDIGEBC5,"CORPORATE GOVERNANCE, INSTITUTIONAL CHARACTERISTICS, AND DIRECTOR NETWORKS IN MALAYSIA.",Title+Year+Author
LGWMV9VX,"Corporate governance, institutional characteristics, and director networks in Malaysia",2017.0,"Jamaludin, MF; Hashim, F",BDIGEBC5,"CORPORATE GOVERNANCE, INSTITUTIONAL CHARACTERISTICS, AND DIRECTOR NETWORKS IN MALAYSIA.",Title+Year+Author
7R3JUFHQ,Board interlocking in Brazil: directors' participation in multiple companies and its effect on firm value and profitability,2012.0,"Santos, RL; Silveira, AM Da; ...",I66388PR,Board Interlocking in Brazil: Directors' Participation in Multiple Companies and Its Effect on Firm Value and Profitability,DOI
YYLNLS9X,Board Interlocks as a Diffusion of Strategic Information – Does it Work? A Polish Case,2021.0,"Światowiec-Szczepańska, Justyna; Małys, Łukasz",WS6JS9ZE,Board Interlocks as a Diffusion of Strategic Information - Does it Work? A Polish Case.,Title+Year+Author
MLZNIT53,Board interlocks as a diffusion of strategic information – does it work? A polish case,2021.0,"Światowiec-Szczepańska, J.; Małys, Ł.",WS6JS9ZE,Board Interlocks as a Diffusion of Strategic Information - Does it Work? A Polish Case.,Title+Year+Author
LJQK3VG4,The effect of incoming board interlocks with public firms on private firms' survival: large-scale evidence from India,2024.0,"Benischke, MH; Bhaskarabhatla, A; ...",DCKM8CE5,The Effect of Incoming Board Interlocks With Public Firms on Private Firms’ Survival: Large-Scale Evidence From India,DOI
WLGQDT2L,Board gender diversity and investment efficiency: Global evidence from 83 country-level interventions,2024.0,"Baik, D; Chen, CX; Godsell, D",8JBKQNG7,Board Gender Diversity and Investment Efficiency: Global Evidence from 83 Country-Level Interventions.,Title+Year+Author
FC637PIP,Building Resilience: How Board Gender Diversity and Top Executive Gender Affect Company Leverage.,2025.0,"DARŠKUVIENĖ, Valdonė; MILIŪNĖ, Roberta; ŠČERBINA-DALIBAGIENĖ, Siuzana",478C3K8D,Building Resilience: How Board Gender Diversity and Top Executive Gender Affect Company Leverage.,Title+Year+Author
P5QE9THG,"Corporate governance, board diversity, and firm value",2003.0,"Carter, DA; Simkins, BJ; Simpson, WG",8LCF55AR,"Corporate Governance, Board Diversity, and Firm Value.",Title+Year+Author
4GZ4WKJ8,Board diversity: female director participation and corporate innovation,2021.0,"Vafaei, A; Henry, D; Ahmed, K; Alipour, M",AWVWQIEU,Board diversity: female director participation and corporate innovation.,Title+Year+Author
TRPGNBZU,Are women greener? Board gender diversity and corporate green technology innovation in China,2024.0,"Chu, S",2M678YTL,Are women greener? Board gender diversity and corporate green technology innovation in China.,Title+Year+Author
NX7SPS67,"The Double-Edged Nature of Board Gender Diversity: Diversity, Firm Performance, and the Power of Women Directors as Predictors of Strategic Change",2014.0,"del Carmen Triana, María; Miller, Toyah L.; Trzebiatowski, Tiffany M.",YTNBZP3S,"The Double-Edged Nature of Board Gender Diversity: Diversity, Firm Performance, and the Power of Women Directors as Predictors of Strategic Change.",Title+Year+Author
BPPC6S5U,"The Double-Edged Nature of Board Gender Diversity: Diversity, Firm Performance, and the Power of Women Directors as Predictors of Strategic Change",2014.0,"del Carmen Triana, María; Miller, Toyah L.; Trzebiatowski, Tiffany M.",YTNBZP3S,"The Double-Edged Nature of Board Gender Diversity: Diversity, Firm Performance, and the Power of Women Directors as Predictors of Strategic Change.",Title+Year+Author
BHE683R8,The role of gender diversity in corporate governance,2018.0,"Dworkin, T Morehead; Schipani, CA",2YCCGPSQ,THE ROLE OF GENDER DIVERSITY IN CORPORATE GOVERNANCE.,Title+Year+Author
JVNGPRME,Board gender diversity and cost of equity,2020.0,"Nguyen, P",59SZVRK2,Board gender diversity and cost of equity.,Title+Year+Author
P5HFNF4W,BOARD GENDER DIVERSITY AND FINANCIAL INCLUSION: EVIDENCE FROM THE GLOBAL MICROFINANCE INDUSTRY.,2024.0,"SANGWAN, SUNIL; KUMAR, SANJEEV; MIA, MD ASLAM; CHAUHAN, SWATI; JIBIR, ADAMU",77RTBYW8,BOARD GENDER DIVERSITY AND FINANCIAL INCLUSION: EVIDENCE FROM THE GLOBAL MICROFINANCE INDUSTRY.,Title+Year+Author
CBSP7RZG,Board gender diversity and corporate social responsibility,2024.0,"Chang, Y; Wu, KT; Lin, SH; Lin, CJ",EKYC85Q6,Board gender diversity and corporate social responsibility.,Title+Year+Author
R63XHJSZ,Top management team gender diversity and productivity: the role of board gender diversity,2019.0,"Luanglath, N; Ali, M; Mohannak, K",USZ989UN,Top management team gender diversity and productivity: the role of board gender diversity.,Title+Year+Author
KBPW32FN,"Board gender diversity, quotas, and ESG disclosure: Global evidence",2023.0,"Alkhawaja, A; Hu, F; Johl, S; Nadarajah, S",YYB76Z78,"Board gender diversity, quotas, and ESG disclosure: Global evidence.",Title+Year+Author
UQCUVIDN,Board gender diversity and the capital structure of microfinance institutions: A global analysis,2019.0,"Adusei, M; Obeng, EYT",NY89SZP9,Board gender diversity and the capital structure of microfinance institutions: A global analysis.,Title+Year+Author
QWKLDWBZ,Board gender diversity and firms' equity risk,2017.0,"Jizi, MI; Nehme, R",MMMMAWCL,Board gender diversity and firms’ equity risk.,Title+Year+Author
6ZQSQFY4,"Board Homophily, Board Diversity and Network Centrality.",2016.0,"Zdziarski, Michał; Czerniawska, Dominika",JH23LY9F,"Board Homophily, Board Diversity and Network Centrality.",Title+Year+Author
S2UXC8VL,"Board homophily, board diversity and network centrality",2016.0,"Zdziarski, M; Czerniawska, D",JH23LY9F,"Board Homophily, Board Diversity and Network Centrality.",Title+Year+Author
RIUQVSHL,Board Diversity and Financial Sustainability in Charities: A Malaysian Perspective.,2018.0,"Cheuk, Sharon; Nichol, Esmie O.; Tinggi, Michael; Hla, Daw Tin",BAJFTKNJ,Board Diversity and Financial Sustainability in Charities: A Malaysian Perspective.,Title+Year+Author
PFDDK8JM,Corporate culture and board gender diversity: evidence from textual analysis,2023.0,"Wongsinhirun, N; Chatjuthamard, P; ...",RJ5KAPUR,Corporate culture and board gender diversity: Evidence from textual analysis.,Title+Year+Author
KK7H7GMV,"Board gender diversity and firm performance: Empirical evidence from Hong Kong, South Korea, Malaysia and Singapore",2015.0,"Low, DCM; Roberts, H; Whiting, RH",75QZIFUP,"Board gender diversity and firm performance: Empirical evidence from Hong Kong, South Korea, Malaysia and Singapore.",Title+Year+Author
TQVJACWR,Does board gender diversity make a difference? New evidence from quantile regression analysis,2016.0,"Dang, R; Nguyen, DK",N7UTXQ24,Does Board Gender Diversity Make a Difference? New Evidence from Quantile Regression Analysis.,Title+Year+Author
6P3UVCST,Does board gender diversity improve the performance of French listed firms?,2014.0,"BOUBAKER, Sabri; DANG, Rey; NGUYEN, Duc KHUONG",C9XZV3LB,Does board gender diversity improve the performance of French listed firms?,Title+Year+Author
2M73BILT,Does board gender diversity improve the performance of French listed firms?,2014.0,"Boubaker, S; Dang, R; Nguyen, DK",C9XZV3LB,Does board gender diversity improve the performance of French listed firms?,Title+Year+Author
9I6PX9QT,"Environmental, social and governance performance and financial risk: Moderating role of ESG controversies and board gender diversity",2021.0,"Shakil, MH",CBCURUGK,"Environmental, social and governance performance and financial risk: Moderating role of ESG controversies and board gender diversity.",Title+Year+Author
GU49BBFI,Board gender diversity and dividend payout: The critical mass and the family ties effect,2022.0,"García-Meca, E; López-Iturriaga, FJ; ...",PEW4J49F,Board gender diversity and dividend payout: The critical mass and the family ties effect.,Title+Year+Author
C5TL3U5J,New Rationales for Women on Boards,2014.0,"Choudhury, Barnali",GZ4SBUNF,New Rationales for Women on Boards.,Title+Year+Author
QASQUMJ3,"Board gender diversity, firm performance and risk-taking in developing countries: The moderating effect of culture",2021.0,"Mohsni, S; Otchere, I; Shahriar, S",E8LACALT,"Board gender diversity, firm performance and risk-taking in developing countries: The moderating effect of culture.",Title+Year+Author
XT9CYBN9,"Top executive gender, board gender diversity, and financing decisions: Evidence from debt structure choice",2021.0,"Datta, S; Doan, T; Toscano, F",CSRLGK7I,"Top executive gender, board gender diversity, and financing decisions: Evidence from debt structure choice.",Title+Year+Author
ATVV82X9,"Board gender diversity, power, and bank risk taking",2021.0,"Abou-El-Sood, H",HY88FQMB,"Board gender diversity, power, and bank risk taking.",Title+Year+Author
4R9H9KJT,The rise of interlocking directorates in imperial Germany,1999.0,"Fohlin, C",R9U9HGCN,The rise of interlocking directorates in imperial Germany.,Title+Year+Author
7UKVSFEP,Cooptive Corporate Actor Networks: A Reconsideration of Interlocking Directorates Involving American Manufacturing,1980.0,"Burt, Ronald S.",E5U6SPUF,Cooptive Corporate Actor Networks: A Reconsideration of Interlocking Directorates Involving American Manufacturing.,Title+Year+Author
WTM8WHT3,Cooptive corporate actor networks: A reconsideration of interlocking directorates involving American manufacturing,1980.0,"Burt, RS",E5U6SPUF,Cooptive Corporate Actor Networks: A Reconsideration of Interlocking Directorates Involving American Manufacturing.,Title+Year+Author
3MMN2LDC,The Other Pathway to the Boardroom: Interpersonal Influence Behavior as a Substitute for Elite Credentials and Majority Status in Obtaining Board Appointments,2006.0,"Westphal, James D.; Stern, Ithai",GXP9XIJP,The Other Pathway to the Boardroom: Interpersonal Influence Behavior as a Substitute for Elite Credentials and Majority Status in Obtaining Board Appointments.,Title+Year+Author
C8FXVGUF,Post-Restructuring Governance: An Examination of Interlocking Directorates,2018.0,"Cashen, L; Chadwick, K",CRTD6VP9,POST-RESTRUCTURING GOVERNANCE: AN EXAMINATION OF INTERLOCKING DIRECTORATES.,Title+Year+Author
83U27AVZ,"Regulating for gender equality in business: the law on gender quotas and the network of interlocking directorates in Norway, 2008–2016",2023.0,"Løyning, T",L2HSTEA6,"Regulating for gender equality in business: the law on gender quotas and the network of interlocking directorates in Norway, 2008–2016.",Title+Year+Author
BPQIJSKS,Research Commentary: Diversity of the Information Systems Research Field: A Journal Governance Perspective,2017.0,"Burgess, Thomas F.; Grimshaw, Paul; Shaw, Nicky E.",IKI8VJKN,Research Commentary-Diversity of the Information Systems Research Field: A Journal Governance Perspective.,Title+Year+Author
B95ENI2X,Above board? Interlocking directorates and corporate contagion in 1980s Australia,2022.0,"Wright, CEF",NM8GJJPC,Above board? Interlocking directorates and corporate contagion in 1980s Australia.,Title+Year (author absent/consistent)
ZBD5X5WQ,The “ties that bind” board interlocks research: A systematic review,2016.0,"Lamb, NH; Roundy, P",FJLG86ZT,The “ties that bind” board interlocks research: a systematic review.,Title+Year+Author
SUK67RJI,Social Corporate Governance,2021.0,"McClane, J; Nili, Y",Z8MFCTXN,Social Corporate Governance.,Title+Year+Author
PZRZEA8E,Dynamics in the German system of corporate governance? Empirical findings regarding interlocking directorates,2004.0,"Heinze, T",2D7UM2SH,Dynamics in the German system of corporate governance? Empirical findings regarding interlocking directorates.,Title+Year+Author
CMMYY98Y,Board Gender Diversity and Corporate Innovation,2021.0,"Griffin, Dale; Li, Kai; Xu, Ting",45RWAZZD,Board Gender Diversity and Corporate Innovation,Title+Year+Author
LLZ5DMIR,"Board gender diversity and transparency of environmental, social and governance disclosure",2020.0,"Wasiuzzaman, Shaista; Mohammad, Wan Masliza Wan",WE9KZK6T,"Board gender diversity and transparency of environmental, social and governance disclosure",Title+Year+Author
FFTE72QI,"Board Gender Diversity and Corporate Citizenship Actions, Reporting and Reputation",2017.0,"Viviers, Suzette; Mans-Kemp, Nadia",8T684RA4,"Board Gender Diversity and Corporate Citizenship Actions, Reporting and Reputation",Title+Year+Author
5G47X77U,Board Gender Diversity and Managerial Obfuscation,2022.0,"Nadeem, Muhammad",4JTNCBU2,Board Gender Diversity and Managerial Obfuscation,Title+Year+Author
EAS3ATRD,Board Gender Diversity and Organizational Determinants,2019.0,"Saeed, Abubakr; Sameer, Muhammad; Raziq, Muhammad Mustafa; Salman, Aneel; Hammoudeh, Shawkat",BLDMWCUH,Board Gender Diversity and Organizational Determinants,Title+Year+Author
EUCWFKPR,Structure analysis of the corporate network of interlocking directorates in Peru,2020.0,"Espinoza, MI Córdova",ZA9SZPXB,Structure Analysis of the Corporate Network of Interlocking Directorates in Peru,Title+Year+Author
H7N2ZEYU,ESG controversies and firm value: Moderating role of board gender diversity and board independence,2023.0,"Brinette, S; Sonmez, FD; ...",2BH6RKU9,ESG Controversies and Firm Value: Moderating Role of Board Gender Diversity and Board Independence,Borderline manual review
I5L8IFPR,"BOARD OF DIRECTORS, GENDER DIVERSITY AND MONITORING",2023.0,"de Araújo Fernandes, C.; Machado, M.A.V.",LF392DEK,"Board of directors, gender diversity and monitoring",Borderline manual review
IPK636HK,Gender Diversity in the Boardroom and Corporate Cash Holdings: The Moderating Effect of Investor Protection.,2022.0,"Wan Ismail, Wan Adibah; Kamarudin, Khairul Anuar; Gupta, Namrata; Harymawan, Iman",YNIP7IMX,Gender Diversity in the Boardroom and Corporate Cash Holdings: The Moderating Effect of Investor Protection,Borderline manual review
3EU3HQFP,Board gender diversity and firm performance: the moderating role of financial technology.,2025.0,"Sanad, Zakeya; Al Lawati, Hidaya",8WDZAWJ9,Board gender diversity and firm performance: the moderating role of financial technology,Borderline manual review
G6E3XZUK,Corporate governance practices and capital structure decisions: the moderating effect of gender diversity,2020.0,"Zaid, M AA; Wang, M; Abuhijleh, S TF; Issa, A; ...",QKWRNCMY,Corporate governance practices and capital structure decisions: the moderating effect of gender diversity,Borderline manual review
8JBKQNG7,Board Gender Diversity and Investment Efficiency: Global Evidence from 83 Country-Level Interventions.,2024.0,"Baik, Dave; Chen, Clara Xiaoling; Godsell, David",NWT2JT3H,Board Gender Diversity and Investment Efficiency: Global Evidence from 83 Country-Level Interventions,Borderline manual review
ENJWK556,Boardroom dynamics: the impact of board gender diversity on discretionary dividend policy in US REITs.,2026.0,"Yousef, Ibrahim; Zighan, Saad; Aly, Doaa; Hussainey, Khaled",QWYICWAC,Boardroom dynamics: the impact of board gender diversity on discretionary dividend policy in US REITs,Borderline manual review
WXSPNAA5,Impact of board gender diversity on firm risk,2014.0,"Lenard, M Jane; Yu, B; York, E Anne; Wu, S",7RNIPU3R,Impact of board gender diversity on firm risk,Borderline manual review
JCDT33XL,Gender Diversity on European Banks' Boards of Directors,2012.0,"de Cabo, Ruth Mateos; Gimeno, Ricardo; Nieto, Maria J.",YEF88Y6R,Gender Diversity on European Banks' Boards of Directors.,Borderline manual review
YTNBZP3S,"The Double-Edged Nature of Board Gender Diversity: Diversity, Firm Performance, and the Power of Women Directors as Predictors of Strategic Change.",2014.0,"del Carmen Triana, María; Miller, Toyah L.; Trzebiatowski, Tiffany M.",7PIT46IU,"The double-edged nature of board gender diversity: Diversity, firm performance, and the power of women directors as predictors of strategic change",Borderline manual review
AWVWQIEU,Board diversity: female director participation and corporate innovation.,2021.0,"Vafaei, Alireza; Henry, Darren; Ahmed, Kamran; Alipour, Mohammad",9LD8ZCJS,Board diversity: female director participation and corporate innovation,Borderline manual review
UJSGJ9NA,Board gender diversity and CSR reporting: Evidence from Jordan,2019.0,"Fadli, A Al; Sands, J; Jones, G; Beattie, C; ...",8CQBISXN,Board Gender Diversity and CSR Reporting: Evidence from Jordan.,Borderline manual review
WH7KTSDS,GENDER DIVERSITY IN CORPORATE BOARDS IN EU: TRENDS AND CHALLENGES.,2017.0,"Raguž, I. Vrdoljak",SQRBWIED,Gender diversity in corporate boards in eu: Trends and challenges,Borderline manual review
8MHFQNVK,"Board gender diversity and environmental, social and governance performance of US banks: moderating role of environmental, social and corporate governance controversies.",2021.0,"Shakil, Mohammad Hassan; Tasnia, Mashiyat; Mostafiz, Md Imtiaz",Q69N7L75,"Board gender diversity and environmental, social and governance performance of US banks: moderating role of environmental, social and corporate governance controversies",Borderline manual review
IMPGSWIL,"Board gender diversity and environmental, social and governance performance of US banks: moderating role of environmental, social and corporate governance …",2021.0,"Shakil, MH; Tasnia, M; Mostafiz, MI",Q69N7L75,"Board gender diversity and environmental, social and governance performance of US banks: moderating role of environmental, social and corporate governance controversies",Borderline manual review
58H7PL4S,BOARD GENDER DIVERSITY AND ITS RISK MONITORING ROLE: IS IT SIGNIFICANT?,2018.0,"Lee-Hwei Khaw, Karren; Liao, Jing",ZMEIZJIP,Board gender diversity and its risk monitoring role: Is it significant?,Borderline manual review
X3UVR68P,The evolution of corporate governance and agency control: the effectiveness of mechanisms in creating value for companies with IPO on the Brazilian stock exchange.,2021.0,"Barros, Francisco Elder Escossio de; Santos, Ruan Carlos dos; Orso, Lidinei Eder; Sousa, Antonia Márcia Rodrigues",KUNTAVSS,The evolution of corporate governance and agency control: the effectiveness of mechanisms in creating value for companies with IPO on the Brazilian stock exchange,Borderline manual review
66XNZ3RM,The effect of interlocking directorates on mergers and acquisitions in Brazil,2021.0,"Barros, T de Sousa; Cárdenas, J; ...",8HKKPRTA,The effect of interlocking directorates on mergers and acquisitions in Brazil.,Borderline manual review
FSYSWNBY,"Investigating the relationship between director's profile, board interlocks and corporate social responsibility.",2015.0,"Ben Barka, Hazar; Dardour, Ali",LTRDA7YP,"Investigating the relationship between director’s profile, board interlocks and corporate social responsibility",Borderline manual review
N3XRLUL4,"Investigating the relationship between director's profile, board interlocks and corporate social responsibility",2015.0,"Barka, H Ben; Dardour, A",LTRDA7YP,"Investigating the relationship between director’s profile, board interlocks and corporate social responsibility",Borderline manual review
9TBW5YPV,Interlocking directorates and corporate networks,2018.0,"Sapinski, JP; Carroll, WK",GTBJBJT4,Interlocking directorates and corporate networks,Borderline manual review
EKKMLZP2,Interlocking Directorates,2016.0,"Boyd, B",A8QWQDFW,Interlocking Directorates,Borderline manual review
E35WWQ7P,Board interlocks as a diffusion of strategic information–does it work? A polish case,2021.0,"Światowiec-Szczepańska, J; Małys, Ł",WS6JS9ZE,Board Interlocks as a Diffusion of Strategic Information - Does it Work? A Polish Case.,Borderline manual review
FZKQPFSB,Few Women on Boards: What's Identity Got to Do With It?,2020.0,"Markoczy, Lívia; Sun, Sunny Li; Zhu, Jigao",Y825DNWA,Few Women on Boards: What’s Identity Got to Do With It?,Borderline manual review
UP2VHEP2,The impact of board gender diversity and national culture on corporate innovation: A multi-country analysis of multinational corporations operating in emerging …,2020.0,"Attah-Boakye, R; Adams, K; Kimani, D; Ullah, S",E8TCCN2T,The impact of board gender diversity and national culture on corporate innovation: A multi-country analysis of multinational corporations operating in emerging economies,Borderline manual review
HIMVIL4K,"Board games: antecedents of Australia's interlocking directorates, 1910–2018",2023.0,"Wright, CEF",T328NLMK,"Board Games: Antecedents of Australia's Interlocking Directorates, 1910-2018",Borderline manual review
53HUDZPK,Examining the impact of board gender diversity and regional differentiation in the ESG‐corporate performance nexus: Evidence from financial service industry.,2024.0,"Tran, Thu Huong; Lu, Wen‐Min; Ting, Irene Wei Kiong; Huang, Hsueh‐Li; Fauzi, Muhammad Ashraf",TWFUDYGG,Examining the impact of board gender diversity and regional differentiation in the ESG-corporate performance nexus: Evidence from financial service industry,Borderline manual review
CYIXPJTL,"Good wives and corporate leaders: Duality in women's access to Australia's top company boards, 1910–2018.",2024.0,"E. F. Wright, Claire",HUF8VB6V,"Good wives and corporate leaders: Duality in women’s access to Australia’s top company boards, 1910–2018",Borderline manual review
FPLZHXWX,Women on boards of directors: Why skirts in seats aren’t enough,2012.0,"Fitzsimmons, Stacey R.",2737UFJZ,Women on boards of directors: Why skirts in seats aren't enough,Borderline manual review
RPI6W9NY,Do Women on Boards affect Firm's Financial Performance? Evidence from Indian IPO Firms.,2019.0,"Singh, Amit Kumar; Singhania, Shubham; Sardana, Varda",VL2TIXJ7,Do Women on Boards affect Firm’s Financial Performance? Evidence from Indian IPO Firms,Borderline manual review
VCS2W292,Gender diversity in boardrooms – A literature review.,2019.0,"Reddy, Sudheer; Jadhav, Aditya Mohan; Pai P, Yogesh",JZDGGSTF,Gender diversity in boardrooms–A literature review,Borderline manual review
2IJG33TN,Demographic Diversity in the Boardroom: Mediators of the Board Diversity–Firm Performance Relationship.,2009.0,"Miller, Toyah; del Carmen Triana, María",UKAKHVST,Demographic diversity in the boardroom: Mediators of the board diversity-firm performance relationship,Borderline manual review
X67TA9IR,Are Demographic Attributes and Firm Characteristics Drivers of Gender Diversity? Investigating Women's Positions on French Boards of Directors,2013.0,"Nekhili, Mehdi; Gatfaoui, Hayette",I99VFHZW,Are Demographic Attributes and Firm Characteristics Drivers of Gender Diversity? Investigating Women’s Positions on French Boards of Directors.,Borderline manual review
N92SUFC8,"Gender diversity in the board, women's leadership and business performance",2018.0,"Moreno-Gómez, J; Lafuente, E; Vaillant, Y",II9J24IQ,"Gender diversity in the board, women’s leadership and business performance",Borderline manual review
4VW6QGNL,How do Board–CEO Relationships Influence the Performance of New Product Introduction? Moving from Single to Interdependent Explanations.,2008.0,"Wu, Hsueh-Liang",UQIGNGMT,How do board-CEO relationships influence the performance of new product introduction? Moving from single to interdependent explanations,Borderline manual review
